"legacy_id","season","zone","date","game_week","venue","home_team_name","away_team_name","home_score","away_score","played","active","description"
"1","2016","A","2016-07-02 16:00:00","0","CITY PARK","Kenyatta University Men","Butali Warriors","1","6","1","Y",
"2","2016","B","2016-07-02 18:00:00","0","CITY PARK","KCAU","Sailors","2","2","1","Y",
"3","2016","B","2016-07-03 13:00:00","0","CITY PARK","Kenya Police","Wazalendo","1","1","1","Y",
"4","2016","A","2016-07-03 15:00:00","0","CITY PARK","Sikh Union Nrb","Strathmore University Men","1","3","1","Y",
"5","2016","A","2016-07-03 16:00:00","0","CITY PARK","Parklands Sports Club","USIU-A Men","3","3","1","Y",
"6","2016","B","2016-07-03 18:00:00","0","CITY PARK","Parkroad Badgers","Greensharks","0","0","1","Y",
"7","2016","B","2016-07-17 13:00:00","0","CITY PARK","Kenya Police","Sailors","2","3","1","Y",
"8","2016","A","2016-07-17 15:00:00","0","CITY PARK","Strathmore University Men","Butali Warriors","1","3","1","Y",
"9","2016","A","2016-07-23 16:00:00","0","CITY PARK","Kenyatta University Men","Nakuru","0","3","1","Y",
"10","2016","B","2016-07-23 18:00:00","0","CITY PARK","Parkroad Badgers","Western Jaguars","2","1","1","Y",
"11","2016","B","2016-07-24 09:00:00","0","CITY PARK","Greensharks","Western Jaguars","2","0","1","Y",
"12","2016","A","2016-07-24 11:00:00","0","CITY PARK","USIU-A Men","Nakuru","2","1","1","Y",
"13","2016","B","2016-07-30 16:00:00","0","CITY PARK","Wazalendo","KCAU","0","1","1","Y",
"14","2016","A","2016-07-30 18:00:00","0","CITY PARK","Sikh Union Nrb","Bay Club","10","0","1","Y",
"15","2016","A","2016-07-31 09:00:00","0","CITY PARK","Parklands Sports Club","Bay Club","0","2","1","Y",
"17","2016","A","2016-08-06 15:00:00","0","KSM","Bay Club","USIU-A Men","0","1","1","Y",
"16","2016","A","2016-08-06 18:00:00","0","CITY PARK","Butali Warriors","Sikh Union Nrb","3","0","1","Y",
"19","2016","A","2016-08-07 09:00:00","0","KSM","Bay Club","Kenyatta University Men","0","0","1","Y",
"18","2016","A","2016-08-07 15:00:00","0","CITY PARK","Strathmore University Men","Parklands Sports Club","1","1","1","Y",
"21","2016","B","2016-08-13 15:00:00","0","KKG","Western Jaguars","Kenya Police","0","4","1","Y",
"20","2016","B","2016-08-13 18:00:00","0","CITY PARK","Greensharks","Wazalendo","2","0","1","Y",
"23","2016","B","2016-08-14 09:00:00","0","KKG","Western Jaguars","Sailors","0","2","1","Y",
"22","2016","B","2016-08-14 15:00:00","0","CITY PARK","Parkroad Badgers","KCAU","0","4","1","Y",
"26","2016","A","2016-09-17 15:00:00","0","NAKURU","Nakuru","Butali Warriors","2","3","1","Y",
"24","2016","A","2016-09-17 16:00:00","0","CITY PARK","Kenyatta University Men","Sikh Union Nrb","1","2","1","Y",
"25","2016","B","2016-09-17 18:00:00","0","CITY PARK","Sailors","Wazalendo","2","3","1","Y",
"29","2016","A","2016-09-18 09:00:00","0","NAKURU","Nakuru","Parklands Sports Club","0","1","1","Y",
"27","2016","B","2016-09-18 13:00:00","0","CITY PARK","Parkroad Badgers","Kenya Police","0","4","1","Y",
"28","2016","A","2016-09-18 15:00:00","0","CITY PARK","USIU-A Men","Strathmore University Men","0","2","1","Y",
"30","2016","B","2016-09-24 16:00:00","0","CITY PARK","Greensharks","KCAU","1","0","1","Y",
"31","2016","A","2016-09-24 18:00:00","0","CITY PARK","Bay Club","Nakuru","0","1","1","Y",
"32","2016","A","2016-09-25 09:00:00","0","CITY PARK","Butali Warriors","Bay Club","9","0","1","Y",
"33","2016","A","2016-09-25 11:00:00","0","CITY PARK","Strathmore University Men","Nakuru","6","0","1","Y",
"36","2016","B","2016-10-01 15:00:00","0","KKG","Western Jaguars","KCAU","1","2","1","Y",
"34","2016","A","2016-10-01 16:00:00","0","CITY PARK","Parklands Sports Club","Kenyatta University Men","1","2","1","Y",
"35","2016","A","2016-10-01 18:00:00","0","CITY PARK","Sikh Union Nrb","USIU-A Men","0","0","1","Y",
"38","2016","B","2016-10-02 03:00:00","0","CITY PARK","Wazalendo","Parkroad Badgers","1","3","1","Y",
"37","2016","B","2016-10-02 13:00:00","0","CITY PARK","Greensharks","Sailors","4","1","1","Y",
"40","2016","A","2016-10-08 15:00:00","0","KSM","Bay Club","Strathmore University Men","0","1","1","Y",
"39","2016","A","2016-10-08 18:00:00","0","CITY PARK","Butali Warriors","Parklands Sports Club","5","0","1","Y",
"41","2016","B","2016-10-09 15:00:00","0","CITY PARK","Kenya Police","KCAU","6","2","1","Y",
"44","2016","A","2016-10-15 14:00:00","0","NAKURU","Nakuru","Sikh Union Nrb","1","0","1","Y",
"42","2016","B","2016-10-15 16:00:00","0","CITY PARK","Western Jaguars","Wazalendo","0","3","1","Y",
"43","2016","B","2016-10-15 18:00:00","0","CITY PARK","Kenya Police","Greensharks","2","0","1","Y",
"45","2016","A","2016-10-16 15:00:00","0","CITY PARK","Kenyatta University Men","USIU-A Men","3","2","1","Y",
"46","2016","A","2016-10-29 16:00:00","0","CITY PARK","Kenyatta University Men","Strathmore University Men","0","1","1","Y",
"47","2016","A","2016-10-29 18:00:00","0","CITY PARK","Butali Warriors","USIU-A Men","4","1","1","Y",
"48","2016","A","2016-10-30 13:00:00","0","CITY PARK","Sikh Union Nrb","Parklands Sports Club","2","5","1","Y",
"49","2016","B","2016-10-30 15:00:00","0","CITY PARK","Parkroad Badgers","Sailors","2","5","1","Y",
"50","2016","playoff","2016-11-12 18:00:00","0","CITY PARK","Western Jaguars","Kenyatta University Men","0","2","1","Y","13th/14th Placed Playoffs"
"51","2016","playoff","2016-11-13 17:00:00","0","CITY PARK","Parkroad Badgers","Sikh Union Nrb","1","3","1","Y","11th/12th Placed Playoffs"
"52","2016","playoff","2016-11-19 18:00:00","0","CITY PARK","Wazalendo","USIU-A Men","1","2","1","Y","9th/10th Placed Playoffs"
"53","2016","playoff","2016-11-20 15:00:00","0","CITY PARK","Sailors","Nakuru","3","0","1","Y","5th/6th Placed Playoffs"
"54","2016","playoff","2016-11-20 17:00:00","0","CITY PARK","KCAU","Parklands Sports Club","2","0","1","Y","7th/8th Placed Playoffs"
"55","2016","playoff","2016-11-26 16:00:00","0","CITY PARK","Kenya Police","Strathmore University Men","2","2","1","Y","Playoff Semis:- Strathmore won 3-2 in the shootouts "
"56","2016","playoff","2016-11-26 18:00:00","0","CITY PARK","Butali Warriors","Greensharks","2","1","1","Y","Playoff Semis"
"57","2016","playoff","2016-11-27 11:00:00","0","CITY PARK","Kenya Police","Greensharks","4","3","1","Y","3rd/4th Placed Playoffs"
"58","2016","playoff","2016-11-27 13:00:00","0","CITY PARK","Butali Warriors","Strathmore University Men","1","1","1","Y","Playoff Finals:- Strathmore won 3-0 in the shootouts"
"59","2017",,"2017-03-11 16:00:00","1","CITY PARK","Technical University Men","Sailors","0","2","1","Y",
"60","2017",,"2017-03-11 18:00:00","1","CITY PARK","Greensharks","Wazalendo","2","2","1","Y",
"61","2017",,"2017-03-12 13:00:00","1","CITY PARK","USIU-A Men","Kenyatta University Men","1","1","1","Y",
"62","2017",,"2017-03-12 15:00:00","1","CITY PARK","Kenya Police","KCAU","3","1","1","Y",
"63","2017",,"2017-03-15 18:00:00","2","CITY PARK","Strathmore University Men","Sikh Union Nrb","2","0","1","Y",
"64","2017",,"2017-03-18 16:00:00","2","CITY PARK","Technical University Men","Nakuru","1","4","1","Y",
"65","2017",,"2017-03-18 18:00:00","2","CITY PARK","Butali Warriors","Western Jaguars","8","0","1","Y",
"66","2017",,"2017-03-19 09:00:00","2","CITY PARK","Parklands Sports Club","Western Jaguars","2","3","1","Y",
"67","2017",,"2017-03-19 11:00:00","2","CITY PARK","USIU-A Men","Nakuru","2","1","1","Y",
"68","2017",,"2017-03-25 16:00:00","3","NAKURU","Nakuru","Wazalendo","0","2","1","Y",
"69","2017",,"2017-03-25 16:00:00","3","KAKAMEGA","Western Jaguars","Strathmore University Men","1","1","1","Y",
"70","2017",,"2017-03-26 15:00:00","3","CITY PARK","Parkroad Badgers","Greensharks","0","1","1","Y",
"71","2017",,"2017-03-26 17:00:00","3","CITY PARK","Sailors","Kenya Police","0","2","1","Y",
"72","2017",,"2017-04-01 16:00:00","4","CITY PARK","Greensharks","Technical University Men","4","0","1","Y",
"73","2017",,"2017-04-01 18:00:00","4","CITY PARK","Sikh Union Nrb","USIU-A Men","5","0","1","Y",
"74","2017",,"2017-04-02 13:00:00","4","NAKURU","Nakuru","Parkroad Badgers","0","1","1","Y",
"75","2017",,"2017-04-02 15:00:00","4","CITY PARK","Strathmore University Men","Parklands Sports Club","0","0","1","Y",
"76","2017",,"2017-04-08 16:00:00","5","CITY PARK","KCAU","Sailors","0","0","1","Y",
"78","2017",,"2017-04-09 13:00:00","5","CITY PARK","Kenya Police","Greensharks","1","0","1","Y",
"77","2017",,"2017-04-09 15:00:00","5","CITY PARK","Kenyatta University Men","Wazalendo","1","2","1","Y",
"80","2017",,"2017-04-14 09:00:00","6","CITY PARK","Sailors","Parklands Sports Club","2","0","1","Y",
"81","2017",,"2017-04-14 11:00:00","6","CITY PARK","Wazalendo","Technical University Men","2","0","1","Y",
"82","2017",,"2017-04-14 13:00:00","6","CITY PARK","Greensharks","Sikh Union Nrb","2","0","1","Y",
"83","2017",,"2017-04-15 18:00:00","6","CITY PARK","Kenyatta University Men","Strathmore University Men","3","2","1","Y",
"85","2017",,"2017-04-16 15:00:00","6","CITY PARK","Parkroad Badgers","Kenyatta University Men","0","1","1","Y",
"86","2017",,"2017-04-16 17:00:00","6","CITY PARK","Butali Warriors","Strathmore University Men","3","1","1","Y",
"95","2017",,"2017-04-17 15:00:00","7","CITY PARK","Sailors","Greensharks","3","3","1","Y",
"89","2017",,"2017-04-22 12:00:00","7","CITY PARK","Greensharks","KCAU","2","1","1","Y",
"90","2017",,"2017-04-22 14:00:00","7","CITY PARK","Kenya Police","Parklands Sports Club","6","1","1","Y",
"94","2017",,"2017-04-26 18:00:00","8","CITY PARK","Sikh Union Nrb","Parkroad Badgers","4","0","1","Y",
"88","2017",,"2017-04-28 18:00:00","8","CITY PARK","Technical University Men","Kenya Police","1","2","1","Y",
"96","2017",,"2017-04-29 18:00:00","8","CITY PARK","Kenya Police","Nakuru","4","0","1","Y",
"97","2017",,"2017-04-30 09:00:00","8","CITY PARK","KCAU","Nakuru","1","2","1","Y",
"104","2017",,"2017-04-30 15:00:00","8","CITY PARK","Technical University Men","Sikh Union Nrb","3","3","1","Y",
"116","2017",,"2017-05-01 11:00:00","9","CITY PARK","Greensharks","Parklands Sports Club","2","0","1","Y",
"101","2017",,"2017-05-03 18:00:00","9","CITY PARK","Kenya Police","Kenyatta University Men","5","1","1","Y",
"102","2017",,"2017-05-06 14:00:00","9","CITY PARK","KCAU","Sikh Union Nrb","0","0","1","Y",
"103","2017",,"2017-05-06 16:00:00","9","CITY PARK","Sailors","Parkroad Badgers","1","2","1","Y",
"191","2017",,"2017-05-07 13:00:00","9","CITY PARK","Technical University Men","Kenyatta University Men","0","1","1","Y",
"107","2017",,"2017-05-07 15:00:00","9","CITY PARK","Butali Warriors","Wazalendo","2","1","1","Y",
"106","2017",,"2017-05-10 18:00:00","10","CITY PARK","Wazalendo","Parklands Sports Club","2","2","1","Y",
"105","2017",,"2017-05-13 16:00:00","10","CITY PARK","Strathmore University Men","USIU-A Men","0","0","1","Y",
"108","2017",,"2017-05-13 18:00:00","10","CITY PARK","Sailors","Western Jaguars","2","2","1","Y",
"109","2017",,"2017-05-14 09:00:00","10","CITY PARK","Kenya Police","Western Jaguars","4","0","1","Y",
"110","2017",,"2017-05-14 15:00:00","10","CITY PARK","Sikh Union Nrb","Butali Warriors","2","4","1","Y",
"111","2017",,"2017-05-14 17:00:00","10","CITY PARK","KCAU","Technical University Men","2","0","1","Y",
"112","2017",,"2017-05-17 18:00:00","11","CITY PARK","Parkroad Badgers","Parklands Sports Club","2","2","1","Y",
"84","2017",,"2017-05-19 18:00:00","11","CITY PARK","USIU-A Men","Butali Warriors","0","3","1","Y",
"113","2017",,"2017-05-20 16:00:00","11","CITY PARK","Strathmore University Men","Sailors","0","0","1","Y",
"114","2017",,"2017-05-20 18:00:00","11","CITY PARK","Butali Warriors","Kenyatta University Men","7","0","1","Y",
"115","2017",,"2017-05-21 13:00:00","11","CITY PARK","Kenya Police","Sikh Union Nrb","3","1","1","Y",
"99","2017",,"2017-05-21 15:00:00","11","CITY PARK","Greensharks","Nakuru","2","1","1","Y",
"117","2017",,"2017-05-24 18:00:00","12","CITY PARK","KCAU","Kenyatta University Men","3","2","1","Y",
"79","2017",,"2017-05-26 18:00:00","12","CITY PARK","USIU-A Men","Parklands Sports Club","1","0","1","Y",
"118","2017",,"2017-05-27 12:00:00","12","CITY PARK","Technical University Men","Parkroad Badgers","0","2","1","Y",
"119","2017",,"2017-05-27 14:00:00","12","CITY PARK","Wazalendo","Strathmore University Men","5","2","1","Y",
"120","2017",,"2017-05-28 09:00:00","12","NAKURU","Nakuru","Butali Warriors","1","1","1","Y",
"121","2017",,"2017-05-28 15:00:00","12","CITY PARK","Strathmore University Men","Kenya Police","0","1","1","Y",
"87","2017",,"2017-05-28 17:00:00","12","CITY PARK","USIU-A Men","Wazalendo","0","0","1","Y",
"92","2017",,"2017-06-03 14:30:00","13","KAKAMEGA","Western Jaguars","Kenyatta University Men","1","1","1","Y",
"122","2017",,"2017-06-03 14:30:00","13","NAKURU","Nakuru","Sikh Union Nrb","0","0","1","Y",
"123","2017",,"2017-06-03 16:00:00","13","CITY PARK","Butali Warriors","Parkroad Badgers","3","0","1","Y",
"124","2017",,"2017-06-03 18:00:00","13","CITY PARK","Greensharks","USIU-A Men","2","1","1","Y",
"125","2017",,"2017-06-04 13:00:00","13","CITY PARK","Sikh Union Nrb","Parklands Sports Club","5","0","1","Y",
"126","2017",,"2017-06-04 15:00:00","13","CITY PARK","KCAU","Wazalendo","2","3","1","Y",
"127","2017",,"2017-06-07 18:00:00","14","CITY PARK","Kenya Police","Wazalendo","3","3","1","Y",
"128","2017",,"2017-06-10 16:00:00","14","CITY PARK","Technical University Men","Western Jaguars","3","2","1","Y",
"129","2017",,"2017-06-10 18:00:00","14","CITY PARK","Strathmore University Men","Greensharks","3","1","1","Y",
"130","2017",,"2017-06-11 09:00:00","14","CITY PARK","Wazalendo","Western Jaguars","5","3","1","Y",
"131","2017",,"2017-06-11 17:00:00","14","CITY PARK","Kenyatta University Men","Parklands Sports Club","0","1","1","Y",
"132","2017",,"2017-06-14 18:00:00","15","CITY PARK","Butali Warriors","Technical University Men","4","0","1","Y",
"133","2017",,"2017-06-17 16:00:00","15","CITY PARK","Sailors","Nakuru","1","2","1","Y",
"134","2017",,"2017-06-17 16:00:00","15","KAKAMEGA","Western Jaguars","Greensharks","1","2","1","Y",
"136","2017",,"2017-06-18 09:00:00","15","KAKAMEGA","Western Jaguars","Parkroad Badgers","1","1","1","Y",
"135","2017",,"2017-06-18 11:00:00","15","CITY PARK","Parklands Sports Club","Nakuru","1","0","1","Y",
"137","2017",,"2017-06-18 17:00:00","15","CITY PARK","Kenya Police","USIU-A Men","3","1","1","Y",
"139","2017",,"2017-06-24 16:00:00","16","CITY PARK","Parkroad Badgers","KCAU","3","0","1","Y",
"140","2017",,"2017-06-24 18:00:00","16","CITY PARK","Butali Warriors","Greensharks","0","0","1","Y",
"141","2017",,"2017-06-25 15:00:00","16","CITY PARK","Kenyatta University Men","Sikh Union Nrb","0","3","1","Y",
"142","2017",,"2017-06-25 17:00:00","16","CITY PARK","USIU-A Men","Technical University Men","2","0","1","Y",
"143","2017",,"2017-06-28 18:00:00","17","CITY PARK","Sailors","Butali Warriors","1","2","1","Y",
"138","2017",,"2017-07-01 14:00:00","17","CITY PARK","KCAU","USIU-A Men","0","2","1","Y",
"144","2017",,"2017-07-01 15:00:00","17","KAKAMEGA","Western Jaguars","Nakuru","1","0","1","Y",
"145","2017",,"2017-07-01 16:00:00","17","CITY PARK","Sailors","Wazalendo","2","1","1","Y",
"146","2017",,"2017-07-01 18:00:00","17","CITY PARK","Butali Warriors","Kenya Police","1","2","1","Y",
"147","2017",,"2017-07-02 13:00:00","17","CITY PARK","KCAU","Parklands Sports Club","2","3","1","Y",
"148","2017",,"2017-07-02 15:00:00","17","CITY PARK","Sikh Union Nrb","Sailors","4","1","1","Y",
"100","2017",,"2017-07-02 17:00:00","17","CITY PARK","Strathmore University Men","Parkroad Badgers","0","1","1","Y",
"149","2017",,"2017-07-05 18:00:00","18","CITY PARK","Strathmore University Men","Technical University Men","2","1","1","Y",
"150","2017",,"2017-07-15 14:00:00","19","CITY PARK","Parkroad Badgers","Wazalendo","1","2","1","Y",
"91","2017",,"2017-07-15 15:00:00","19","KAKAMEGA","Western Jaguars","USIU-A Men","0","1","1","Y",
"151","2017",,"2017-07-15 18:00:00","19","CITY PARK","Kenyatta University Men","Greensharks","0","2","1","Y",
"152","2017",,"2017-07-16 13:00:00","19","CITY PARK","Technical University Men","Parklands Sports Club","1","4","1","Y",
"157","2017",,"2017-07-16 15:00:00","19","CITY PARK","Strathmore University Men","KCAU","2","3","1","Y",
"98","2017",,"2017-07-16 17:00:00","19","CITY PARK","Wazalendo","Sikh Union Nrb","0","5","1","Y",
"153","2017",,"2017-07-19 18:00:00","20","CITY PARK","Parkroad Badgers","USIU-A Men","0","0","1","Y",
"154","2017",,"2017-07-22 15:00:00","20","KAKAMEGA","Western Jaguars","KCAU","2","0","1","Y",
"160","2017",,"2017-07-22 15:00:00","20","NAKURU","Nakuru","Kenyatta University Men","2","0","1","Y",
"159","2017",,"2017-07-23 10:00:00","20","KAKAMEGA","Western Jaguars","Sikh Union Nrb","0","0","1","Y",
"156","2017",,"2017-07-23 17:00:00","20","CITY PARK","Parklands Sports Club","Butali Warriors","1","1","1","Y",
"158","2017",,"2017-07-26 18:00:00","21","CITY PARK","USIU-A Men","Sailors","2","1","1","Y",
"155","2017",,"2017-07-29 12:00:00","21","CITY PARK","Kenyatta University Men","Sailors","1","0","1","Y",
"162","2017",,"2017-07-29 14:00:00","21","NAKURU","Nakuru","Strathmore University Men","2","5","1","Y",
"163","2017",,"2017-07-29 16:00:00","21","CITY PARK","KCAU","Butali Warriors","0","3","1","Y",
"161","2017",,"2017-07-29 18:00:00","21","CITY PARK","Parkroad Badgers","Kenya Police","1","5","1","Y",
"253","2017",,"2017-09-09 15:00:00","22","KAKAMEGA","Western Jaguars","Parklands Sports Club","0","1","1","Y",
"255","2017",,"2017-09-09 16:00:00","22","CITY PARK","Sikh Union Nrb","Greensharks","2","1","1","Y",
"254","2017",,"2017-09-09 18:00:00","22","CITY PARK","USIU-A Men","KCAU","2","1","1","Y",
"252","2017",,"2017-09-10 15:00:00","22","CITY PARK","Parkroad Badgers","Technical University Men","1","0","1","Y",
"251","2017",,"2017-09-10 17:00:00","22","CITY PARK","Wazalendo","USIU-A Men","3","1","1","Y",
"248","2017",,"2017-09-16 15:00:00","23","KAKAMEGA","Western Jaguars","Sailors","1","1","1","Y",
"250","2017",,"2017-09-16 16:00:00","23","CITY PARK","Technical University Men","USIU-A Men","0","3","1","Y",
"249","2017",,"2017-09-16 18:00:00","23","CITY PARK","Wazalendo","Nakuru","1","1","1","Y",
"247","2017",,"2017-09-17 09:00:00","23","CITY PARK","Sikh Union Nrb","Nakuru","4","0","1","Y",
"246","2017",,"2017-09-17 13:00:00","23","CITY PARK","Greensharks","Kenyatta University Men","1","2","1","Y",
"245","2017",,"2017-09-17 17:00:00","23","CITY PARK","KCAU","Parkroad Badgers","1","2","1","Y",
"244","2017",,"2017-09-20 18:00:00","24","CITY PARK","Parklands Sports Club","Kenya Police","0","2","1","Y",
"243","2017",,"2017-09-23 16:00:00","24","CITY PARK","Sikh Union Nrb","KCAU","3","4","1","Y",
"242","2017",,"2017-09-23 18:00:00","24","CITY PARK","Kenya Police","Strathmore University Men","6","1","1","Y",
"241","2017",,"2017-09-24 09:00:00","24","NAKURU","Nakuru","USIU-A Men","1","0","1","Y",
"240","2017",,"2017-09-24 15:00:00","24","CITY PARK","Parklands Sports Club","Kenyatta University Men","1","0","1","Y",
"239","2017",,"2017-09-24 17:00:00","24","CITY PARK","Parkroad Badgers","Sailors","2","2","1","Y",
"269","2017",,"2017-09-27 18:00:00","25","CITY PARK","Kenya Police","Sailors","4","1","1","Y",
"270","2017",,"2017-10-04 18:00:00","26","CITY PARK","Parkroad Badgers","Parklands Sports Club","1","1","1","Y",
"271","2017",,"2017-10-07 15:00:00","26","NAKURU","Nakuru","Greensharks","0","1","1","Y",
"272","2017",,"2017-10-08 15:30:00","26","CITY PARK","Kenyatta University Men","Parkroad Badgers","1","2","1","Y",
"273","2017",,"2017-10-08 17:00:00","26","CITY PARK","Sailors","Technical University Men","2","0","1","Y",
"275","2017",,"2017-10-15 14:00:00","27","CITY PARK","Technical University Men","Greensharks","1","1","1","Y",
"276","2017",,"2017-10-15 15:30:00","27","CITY PARK","Sailors","Kenyatta University Men","5","0","1","Y",
"203","2017",,"2017-10-15 17:00:00","27","CITY PARK","Wazalendo","KCAU","3","2","1","Y",
"278","2017",,"2017-10-18 18:00:00","28","CITY PARK","Kenyatta University Men","Technical University Men","1","0","1","Y",
"277","2017",,"2017-10-20 12:00:00","28","CITY PARK","Parklands Sports Club","Wazalendo","1","2","1","Y",
"280","2017",,"2017-10-20 14:00:00","28","CITY PARK","Greensharks","Parkroad Badgers","2","0","1","Y",
"281","2017",,"2017-10-20 16:00:00","28","CITY PARK","Kenyatta University Men","USIU-A Men","0","1","1","Y",
"282","2017",,"2017-10-22 13:30:00","28","CITY PARK","Sailors","KCAU","1","3","1","Y",
"287","2017",,"2017-11-01 18:00:00","30","CITY PARK","USIU-A Men","Greensharks","2","1","1","Y",
"288","2017",,"2017-11-04 12:00:00","30","CITY PARK","KCAU","Kenya Police","0","4","1","Y",
"289","2017",,"2017-11-04 14:00:00","30","CITY PARK","Kenyatta University Men","Nakuru","1","3","1","Y",
"290","2017",,"2017-11-04 16:00:00","30","CITY PARK","Greensharks","Butali Warriors","3","1","1","Y",
"292","2017",,"2017-11-05 11:00:00","30","CITY PARK","Butali Warriors","Nakuru","4","1","1","Y",
"293","2017",,"2017-11-05 15:00:00","30","CITY PARK","Strathmore University Men","Wazalendo","4","1","1","Y",
"208","2017",,"2017-11-08 18:00:00","31","CITY PARK","USIU-A Men","Sikh Union Nrb","2","1","1","Y",
"296","2017",,"2017-11-11 14:00:00","31","NAKURU","Nakuru","Kenya Police","0","2","1","Y",
"199","2017",,"2017-11-11 16:00:00","31","CITY PARK","Parklands Sports Club","Strathmore University Men","0","2","1","Y",
"206","2017",,"2017-11-11 18:00:00","31","CITY PARK","Greensharks","Western Jaguars","3","0","1","Y",
"204","2017",,"2017-11-12 09:00:00","31","CITY PARK","Kenyatta University Men","Western Jaguars","1","2","1","Y",
"197","2017",,"2017-11-12 13:00:00","31","CITY PARK","Sailors","USIU-A Men","0","0","1","Y",
"194","2017",,"2017-11-12 15:00:00","31","CITY PARK","Technical University Men","KCAU","0","2","1","Y",
"202","2017",,"2017-11-12 17:00:00","31","CITY PARK","Sikh Union Nrb","Strathmore University Men","3","2","1","Y",
"201","2017",,"2017-11-15 18:00:00","32","CITY PARK","Parkroad Badgers","Butali Warriors","0","2","1","Y",
"205","2017",,"2017-11-18 14:00:00","32","NAKURU","Nakuru","Technical University Men","0","0","1","Y",
"297","2017",,"2017-11-18 16:00:00","32","CITY PARK","Butali Warriors","Sikh Union Nrb","3","1","1","Y",
"299","2017",,"2017-11-19 15:00:00","32","CITY PARK","Butali Warriors","Sailors","3","0","1","Y",
"196","2017",,"2017-11-19 17:00:00","32","CITY PARK","Kenya Police","Parkroad Badgers","4","0","1","Y",
"195","2017",,"2017-11-22 18:00:00","33","CITY PARK","Greensharks","Sailors","2","0","1","Y",
"188","2017",,"2017-11-25 14:00:00","33","CITY PARK","Sailors","Sikh Union Nrb","2","1","1","Y",
"294","2017",,"2017-11-25 18:00:00","33","CITY PARK","USIU-A Men","Kenya Police","0","1","1","Y",
"284","2017",,"2017-11-26 09:00:00","33","NAKURU","Nakuru","KCAU","0","0","1","Y",
"193","2017",,"2017-11-26 15:00:00","33","CITY PARK","Wazalendo","Parkroad Badgers","3","4","1","Y",
"190","2017",,"2017-11-26 17:00:00","33","CITY PARK","Parklands Sports Club","USIU-A Men","2","0","1","Y",
"189","2017",,"2017-11-29 18:00:00","34","CITY PARK","Technical University Men","Wazalendo","2","2","1","Y",
"279","2017",,"2017-12-02 14:00:00","34","CITY PARK","Parklands Sports Club","Sikh Union Nrb","1","5","1","Y",
"186","2017",,"2017-12-02 15:00:00","34","KAKAMEGA","Western Jaguars","Kenya Police","1","0","1","Y",
"306","2017",,"2017-12-02 16:00:00","34","CITY PARK","Strathmore University Men","Butali Warriors","1","2","1","Y",
"185","2017",,"2017-12-03 11:00:00","34","NAKURU","Nakuru","Sailors","3","0","1","Y",
"184","2017",,"2017-12-03 15:00:00","34","CITY PARK","Butali Warriors","USIU-A Men","1","0","1","Y",
"183","2017",,"2017-12-03 17:00:00","34","CITY PARK","Wazalendo","Greensharks","1","2","1","Y",
"301","2017",,"2017-12-09 14:00:00","35","CITY PARK","Technical University Men","Strathmore University Men","1","1","1","Y",
"181","2017",,"2017-12-09 16:00:00","35","CITY PARK","Sikh Union Nrb","Western Jaguars","0","3","1","Y",
"180","2017",,"2017-12-10 10:00:00","35","NAKURU","Nakuru","Parklands Sports Club","3","0","1","Y",
"305","2017",,"2017-12-10 11:00:00","35","CITY PARK","Strathmore University Men","Western Jaguars","0","2","1","Y",
"177","2017",,"2017-12-10 17:00:00","35","CITY PARK","Greensharks","Kenya Police","1","2","1","Y",
"304","2017",,"2017-12-12 12:00:00","36","CITY PARK","Kenya Police","Technical University Men","7","0","1","Y",
"302","2017",,"2017-12-12 15:00:00","36","CITY PARK","KCAU","Strathmore University Men","1","1","1","Y",
"274","2017",,"2017-12-12 17:00:00","36","CITY PARK","Sikh Union Nrb","Wazalendo","1","4","1","Y",
"175","2017",,"2017-12-12 19:00:00","36","CITY PARK","Parklands Sports Club","Sailors","2","0","1","Y",
"265","2017",,"2017-12-16 12:00:00","36","CITY PARK","Sailors","Strathmore University Men","1","2","1","Y",
"172","2017",,"2017-12-16 16:00:00","36","CITY PARK","Parkroad Badgers","Nakuru","0","0","1","Y",
"171","2017",,"2017-12-17 11:00:00","36","CITY PARK","Strathmore University Men","Nakuru","2","0","1","Y",
"170","2017",,"2017-12-17 15:00:00","36","CITY PARK","KCAU","Greensharks","0","2","1","Y",
"174","2017",,"2017-12-17 17:00:00","36","CITY PARK","Sikh Union Nrb","Kenya Police","2","4","1","Y",
"192","2017",,"2018-01-13 12:00:00","37","CITY PARK","Kenyatta University Men","Kenya Police","1","6","1","Y",
"261","2017",,"2018-01-13 16:00:00","37","CITY PARK","Technical University Men","Butali Warriors","0","6","1","Y",
"169","2017",,"2018-01-13 18:00:00","37","CITY PARK","USIU-A Men","Strathmore University Men","1","1","1","Y",
"168","2017",,"2018-01-14 09:00:00","37","CITY PARK","Kenyatta University Men","Butali Warriors","0","3","1","Y",
"164","2017",,"2018-01-14 15:00:00","37","CITY PARK","Greensharks","Strathmore University Men","1","3","1","Y",
"266","2017",,"2018-01-14 17:00:00","37","CITY PARK","Wazalendo","Kenya Police","0","3","1","Y",
"286","2017",,"2018-01-17 18:00:00","38","CITY PARK","Wazalendo","Kenyatta University Men","1","2","1","Y",
"167","2017",,"2018-01-20 15:00:00","38","NAKURU","Nakuru","Western Jaguars","1","2","1","Y",
"262","2017",,"2018-01-20 18:00:00","38","CITY PARK","Sikh Union Nrb","Kenyatta University Men","8","1","1","Y",
"166","2017",,"2018-01-21 09:00:00","38","CITY PARK","Parkroad Badgers","Western Jaguars","3","0","1","Y",
"165","2017",,"2018-01-21 11:00:00","38","CITY PARK","Butali Warriors","Parklands Sports Club","4","2","1","Y",
"283","2017",,"2018-01-24 18:00:00","39","CITY PARK","Parklands Sports Club","Technical University Men","1","3","1","Y",
"291","2017",,"2018-01-27 15:00:00","39","KAKAMEGA","Western Jaguars","Technical University Men","2","0","1","Y",
"285","2017",,"2018-01-27 16:00:00","39","CITY PARK","Parkroad Badgers","Sikh Union Nrb","3","1","1","Y",
"187","2017",,"2018-01-27 18:00:00","39","CITY PARK","Butali Warriors","KCAU","5","1","1","Y",
"303","2017",,"2018-01-28 15:00:00","39","CITY PARK","Wazalendo","Butali Warriors","1","2","1","Y",
"267","2017",,"2018-01-28 17:00:00","39","CITY PARK","Parklands Sports Club","Greensharks","6","0","1","Y",
"93","2017",,"2018-01-31 18:00:00","40","CITY PARK","Wazalendo","Sailors","2","5","1","Y",
"176","2017",,"2018-02-03 15:00:00","40","CITY PARK","Strathmore University Men","Kenyatta University Men","0","1","1","Y",
"300","2017",,"2018-02-03 16:00:00","40","KAKAMEGA","Western Jaguars","Butali Warriors","1","4","1","Y",
"263","2017",,"2018-02-03 18:00:00","40","CITY PARK","Parklands Sports Club","KCAU","0","2","1","Y",
"198","2017",,"2018-02-04 09:00:00","40","KAKAMEGA","Western Jaguars","Wazalendo","0","1","1","Y",
"264","2017",,"2018-02-04 13:00:00","40","CITY PARK","USIU-A Men","Parkroad Badgers","1","0","1","Y",
"200","2017",,"2018-02-04 15:00:00","40","CITY PARK","Kenyatta University Men","KCAU","0","1","1","Y",
"173","2017",,"2018-02-10 16:00:00","41","CITY PARK","Sikh Union Nrb","Technical University Men","2","1","1","Y",
"178","2017",,"2018-02-10 16:30:00","41","CITY PARK","Parkroad Badgers","Strathmore University Men","3","0","1","Y",
"268","2017",,"2018-02-11 14:00:00","41","CITY PARK","Kenya Police","Butali Warriors","1","1","1","Y",
"307","2017",,"2018-02-17 18:00:00","42","CITY PARK","KCAU","Western Jaguars","2","1","1","Y",
"179","2017",,"2018-02-18 10:30:00","42","CITY PARK","USIU-A Men","Western Jaguars","3","1","1","Y",
"308","2018",,"2018-04-07 16:00:00","1","City Park","Sikh Union Nrb","USIU-A Men","2","4","1","Y",
"309","2018",,"2018-04-07 18:00:00","1","City Park","Strathmore University Men","Parkroad Badgers","2","0","1","Y",
"310","2018",,"2018-04-08 17:00:00","1","City Park","KCAU","Parklands Sports Club","2","1","1","Y",
"312","2018",,"2018-04-14 16:00:00","2","City Park","Kenya Police","Nakuru","2","1","1","Y",
"314","2018",,"2018-04-15 17:00:00","2","City Park","Sikh Union Nrb","Butali Warriors","1","2","1","Y",
"315","2018",,"2018-04-21 15:00:00","3","Nakuru","Nakuru","Sikh Union Nrb","1","4","1","Y",
"316","2018",,"2018-04-21 15:00:00","3","Kakamega","Western Jaguars","KCAU","0","0","1","Y",
"317","2018",,"2018-04-21 16:00:00","3","City Park","Wazalendo","Kenya Police","0","4","1","Y",
"318","2018",,"2018-04-21 18:00:00","3","City Park","Parkroad Badgers","Greensharks","0","2","1","Y",
"319","2018",,"2018-04-22 15:00:00","3","City Park","Parklands Sports Club","Greensharks","1","4","1","Y",
"320","2018",,"2018-04-22 17:00:00","3","City Park","Parkroad Badgers","Butali Warriors","0","5","1","Y",
"311","2018",,"2018-04-27 18:00:00","4","City Park","Parklands Sports Club","Wazalendo","4","1","1","Y",
"322","2018",,"2018-04-29 15:00:00","4","City Park","Kenya Police","KCAU","3","2","1","Y",
"323","2018",,"2018-04-29 17:00:00","4","City Park","Wazalendo","Sikh Union Nrb","3","1","1","Y",
"324","2018",,"2018-05-01 15:00:00","5","City Park","Parklands Sports Club","Kenya Police","1","3","1","Y",
"325","2018",,"2018-05-01 17:00:00","5","City Park","Sikh Union Nrb","Parkroad Badgers","4","3","1","Y",
"326","2018",,"2018-05-05 16:00:00","5","City Park","Kenya Police","Greensharks","3","4","1","Y",
"327","2018",,"2018-05-05 18:00:00","5","City Park","Butali Warriors","Western Jaguars","4","0","1","Y",
"328","2018",,"2018-05-06 09:00:00","5","City Park","Greensharks","Western Jaguars","2","1","1","Y",
"329","2018",,"2018-05-06 17:00:00","5","City Park","Wazalendo","KCAU","1","0","1","Y",
"330","2018",,"2018-05-12 14:00:00","6","City Park","USIU-A Men","Parkroad Badgers","1","2","1","Y",
"331","2018",,"2018-05-12 15:00:00","6","Nakuru","Nakuru","Wazalendo","0","0","1","Y",
"332","2018",,"2018-05-12 16:00:00","6","City Park","Parklands Sports Club","Strathmore University Men","1","2","1","Y",
"321","2018",,"2018-05-13 07:30:00","6","City Park","Sikh Union Nrb","Greensharks","1","1","1","Y",
"334","2018",,"2018-05-13 15:00:00","6","City Park","Strathmore University Men","Kenya Police","2","4","1","Y",
"335","2018",,"2018-05-13 17:00:00","6","City Park","Butali Warriors","USIU-A Men","3","0","1","Y",
"348","2018",,"2018-05-19 15:00:00","7","Kakamega","Western Jaguars","Strathmore University Men","1","1","1","Y",
"349","2018",,"2018-05-20 10:00:00","7","Kakamega","Western Jaguars","USIU-A Men","0","1","1","Y",
"350","2018",,"2018-05-20 13:00:00","7","City Park","Greensharks","Nakuru","3","0","1","Y",
"351","2018",,"2018-05-20 17:00:00","7","City Park","Parklands Sports Club","Butali Warriors","0","4","1","Y",
"352","2018",,"2018-05-23 18:00:00","8","City Park","Parkroad Badgers","KCAU","1","1","1","Y",
"353","2018",,"2018-05-26 13:00:00","8","Nakuru","Nakuru","USIU-A Men","1","0","1","Y",
"354","2018",,"2018-05-26 15:00:00","8","Kakamega","Western Jaguars","Parkroad Badgers","1","1","1","Y",
"355","2018",,"2018-05-26 18:00:00","8","City Park","KCAU","Butali Warriors","1","4","1","Y",
"389","2018",,"2018-05-27 07:30:00","8","City Park","Greensharks","Butali Warriors","1","2","1","Y",
"357","2018",,"2018-05-27 15:00:00","8","City Park","Strathmore University Men","Wazalendo","1","2","1","Y",
"358","2018",,"2018-05-27 17:00:00","8","City Park","Kenya Police","Sikh Union Nrb","3","2","1","Y",
"359","2018",,"2018-06-09 15:00:00","9","Nakuru","Nakuru","Strathmore University Men","2","0","1","Y",
"360","2018",,"2018-06-09 16:00:00","9","City Park","USIU-A Men","Greensharks","1","1","1","Y",
"361","2018",,"2018-06-09 18:00:00","9","City Park","Parkroad Badgers","Parklands Sports Club","1","3","1","Y",
"362","2018",,"2018-06-10 15:00:00","9","City Park","Wazalendo","Greensharks","2","1","1","Y",
"363","2018",,"2018-06-10 17:00:00","9","City Park","Kenya Police","USIU-A Men","2","1","1","Y",
"364","2018",,"2018-06-16 14:00:00","10","City Park","KCAU","Strathmore University Men","2","0","1","Y",
"365","2018",,"2018-06-16 16:00:00","10","City Park","Parkroad Badgers","Wazalendo","0","1","1","Y",
"366","2018",,"2018-06-17 15:00:00","10","City Park","KCAU","Nakuru","1","1","1","Y",
"367","2018",,"2018-06-17 17:00:00","10","City Park","Butali Warriors","Kenya Police","0","3","1","Y",
"393","2018",,"2018-06-30 14:00:00","11","City Park","Sikh Union Nrb","Parklands Sports Club","4","2","1","Y",
"394","2018",,"2018-06-30 18:00:00","11","City Park","Wazalendo","Western Jaguars","2","1","1","Y",
"395","2018",,"2018-07-01 09:00:00","11","City Park","Parklands Sports Club","Western Jaguars","6","0","1","Y",
"396","2018",,"2018-07-01 15:00:00","11","City Park","Strathmore University Men","Sikh Union Nrb","5","4","1","Y",
"397","2018",,"2018-07-01 17:00:00","11","City Park","Kenya Police","Parkroad Badgers","3","1","1","Y",
"398","2018",,"2018-07-14 14:00:00","12","City Park","KCAU","USIU-A Men","0","2","1","Y",
"399","2018",,"2018-07-14 15:00:00","12","Nakuru","Nakuru","Butali Warriors","0","2","1","Y",
"400","2018",,"2018-07-15 13:00:00","12","City Park","Strathmore University Men","Greensharks","5","1","1","Y",
"401","2018",,"2018-07-15 15:00:00","12","City Park","USIU-A Men","Wazalendo","1","0","1","Y",
"402","2018",,"2018-07-15 17:00:00","12","City Park","Sikh Union Nrb","KCAU","2","3","1","Y",
"403","2018",,"2018-07-18 18:00:00","13","City Park","Parklands Sports Club","USIU-A Men","2","1","1","Y",
"404","2018",,"2018-07-21 15:00:00","13","Kakamega","Western Jaguars","Nakuru","2","0","1","Y",
"406","2018",,"2018-07-22 15:00:00","13","City Park","Wazalendo","Butali Warriors","1","2","1","Y",
"407","2018",,"2018-07-22 17:00:00","13","City Park","Strathmore University Men","USIU-A Men","2","1","1","Y",
"408","2018",,"2018-07-28 13:00:00","14","Nakuru","Nakuru","Parklands Sports Club","4","0","1","Y",
"409","2018",,"2018-07-28 18:00:00","14","City Park","Sikh Union Nrb","Western Jaguars","2","0","1","Y",
"410","2018",,"2018-07-29 11:00:00","14","City Park","Parkroad Badgers","Western Jaguars","1","1","1","Y",
"411","2018",,"2018-07-29 17:00:00","14","City Park","USIU-A Men","KCAU","1","1","1","Y",
"412","2018",,"2018-08-05 15:00:00","15","City Park","Sikh Union Nrb","Strathmore University Men","1","0","1","Y",
"413","2018",,"2018-08-05 17:00:00","15","City Park","Wazalendo","USIU-A Men","0","1","1","Y",
"414","2018",,"2018-08-11 14:00:00","16","City Park","Parkroad Badgers","Nakuru","1","0","1","Y",
"415","2018",,"2018-08-11 18:00:00","16","City Park","Butali Warriors","Strathmore University Men","5","0","1","Y",
"416","2018",,"2018-08-12 15:00:00","16","City Park","Kenya Police","Parklands Sports Club","3","0","1","Y",
"417","2018",,"2018-08-12 17:00:00","16","City Park","Greensharks","KCAU","2","1","1","Y",
"480","2018",,"2018-08-25 18:00:00","17","City Park","KCAU","Parkroad Badgers","2","2","1","Y",
"481","2018",,"2018-08-26 13:00:00","17","City Park","Parklands Sports Club","Parkroad Badgers","0","1","1","Y",
"482","2018",,"2018-08-26 15:00:00","17","City Park","Strathmore University Men","Greensharks","1","3","1","Y",
"483","2018",,"2018-08-26 17:00:00","17","City Park","KCAU","Butali Warriors","1","5","1","Y",
"484","2018",,"2018-09-01 15:00:00","18","Kakamega","Western Jaguars","Parklands Sports Club","3","3","1","Y",
"485","2018",,"2018-09-01 16:00:00","18","City Park","Greensharks","KCAU","1","1","1","Y",
"486","2018",,"2018-09-01 18:00:00","18","City Park","Butali Warriors","Wazalendo","4","2","1","Y",
"487","2018",,"2018-09-02 15:00:00","18","City Park","Butali Warriors","Nakuru","9","1","1","Y",
"488","2018",,"2018-09-02 17:00:00","18","City Park","Greensharks","Sikh Union Nrb","1","3","1","Y",
"489","2018",,"2018-09-05 18:00:00","19","City Park","Greensharks","Wazalendo","2","3","1","Y",
"490","2018",,"2018-09-08 15:00:00","19","Kakamega","Western Jaguars","Butali Warriors","0","6","1","Y",
"491","2018",,"2018-09-09 17:00:00","19","City Park","Strathmore University Men","KCAU","3","0","1","Y",
"492","2018",,"2018-09-15 16:00:00","20","City Park","USIU-A Men","Nakuru","2","2","1","Y",
"493","2018",,"2018-09-15 18:00:00","20","City Park","Wazalendo","Strathmore University Men","2","0","1","Y",
"494","2018",,"2018-09-16 15:00:00","20","City Park","Strathmore University Men","Nakuru","2","1","1","Y",
"495","2018",,"2018-09-16 17:00:00","20","City Park","KCAU","Sikh Union Nrb","2","1","1","Y",
"497","2018",,"2018-09-22 16:00:00","21","City Park","KCAU","Wazalendo","2","2","1","Y",
"498","2018",,"2018-09-22 18:00:00","21","City Park","Kenya Police","Western Jaguars","4","0","1","Y",
"499","2018",,"2018-09-23 15:00:00","21","City Park","Parkroad Badgers","Sikh Union Nrb","2","2","1","Y",
"500","2018",,"2018-09-23 17:00:00","21","City Park","USIU-A Men","Kenya Police","0","1","1","Y",
"503","2018",,"2018-09-29 15:00:00","22","Nakuru","Nakuru","KCAU","3","2","1","Y",
"502","2018",,"2018-09-29 15:00:00","22","Kakamega","Western Jaguars","Wazalendo","2","1","1","Y",
"504","2018",,"2018-09-29 18:00:00","22","City Park","USIU-A Men","Parklands Sports Club","4","4","1","Y",
"505","2018",,"2018-09-30 17:00:00","22","City Park","Greensharks","Kenya Police","2","3","1","Y",
"496","2018",,"2018-10-06 15:00:00","23","Nakuru","Nakuru","Greensharks","1","1","1","Y",
"506","2018",,"2018-10-06 18:00:00","23","City Park","Butali Warriors","Parklands Sports Club","5","0","1","Y",
"507","2018",,"2018-10-07 15:00:00","23","City Park","Butali Warriors","Parkroad Badgers","0","1","1","Y",
"508","2018",,"2018-10-07 17:00:00","23","City Park","Kenya Police","Strathmore University Men","2","0","1","Y",
"501","2018",,"2018-10-10 16:00:00","24","City Park","Parklands Sports Club","Sikh Union Nrb","5","4","1","Y",
"510","2018",,"2018-10-13 15:00:00","24","Kakamega","Kenya Police","Western Jaguars","1","0","1","Y",
"509","2018",,"2018-10-13 15:00:00","24","Nakuru","Nakuru","Parkroad Badgers","0","0","1","Y",
"511","2018",,"2018-10-13 18:00:00","24","City Park","Sikh Union Nrb","Wazalendo","2","3","1","Y",
"512","2018",,"2018-10-14 15:00:00","24","City Park","Greensharks","Parklands Sports Club","2","1","1","Y",
"513","2018",,"2018-10-14 17:00:00","24","City Park","Butali Warriors","Sikh Union Nrb","4","1","1","Y",
"514","2018",,"2018-10-27 16:00:00","0","City Park","Parklands Sports Club","Nakuru","4","1","1","Y",
"516","2018",,"2018-10-27 18:00:00","25","City Park","Strathmore University Men","Western Jaguars","3","0","1","Y",
"515","2018",,"2018-10-28 07:00:00","25","City Park","USIU-A Men","Western Jaguars","0","5","1","Y",
"517","2018",,"2018-10-28 09:00:00","25","City Park","Wazalendo","Nakuru","0","1","1","Y",
"518","2018",,"2018-10-28 17:00:00","25","City Park","KCAU","Kenya Police","0","4","1","Y",
"519","2018",,"2018-10-31 18:00:00","26","City Park","Parkroad Badgers","USIU-A Men","1","1","1","Y",
"520","2018",,"2018-11-03 16:00:00","26","Kakamega","Western Jaguars","Greensharks","2","2","1","Y",
"521","2018",,"2018-11-03 18:00:00","26","City Park","Kenya Police","Wazalendo","16","2","1","Y",
"522","2018",,"2018-11-04 15:00:00","26","City Park","Parklands Sports Club","KCAU","4","2","1","Y",
"523","2018",,"2018-11-04 17:00:00","26","City Park","USIU-A Men","Butali Warriors","0","2","1","Y",
"524","2018",,"2018-11-10 15:00:00","27","Kakamega","Western Jaguars","Sikh Union Nrb","2","1","1","Y",
"526","2018",,"2018-11-10 18:00:00","27","City Park","Greensharks","Parkroad Badgers","1","3","1","Y",
"527","2018",,"2018-11-11 17:00:00","27","City Park","USIU-A Men","Strathmore University Men","1","1","1","Y",
"528","2018",,"2018-11-14 18:00:00","28","City Park","Parkroad Badgers","Kenya Police","1","2","1","Y",
"529","2018",,"2018-11-17 18:00:00","28","City Park","Butali Warriors","Greensharks","2","0","1","Y",
"530","2018",,"2018-11-18 15:00:00","28","City Park","Sikh Union Nrb","Nakuru","5","0","1","Y",
"531","2018",,"2018-11-18 17:00:00","28","City Park","Parkroad Badgers","Strathmore University Men","1","2","1","Y",
"532","2018",,"2018-11-21 18:00:00","29","City Park","Wazalendo","Parklands Sports Club","2","3","1","Y",
"533","2018",,"2018-11-24 18:00:00","29","City Park","Strathmore University Men","Parklands Sports Club","4","1","1","Y",
"534","2018",,"2018-11-25 15:00:00","29","City Park","Greensharks","USIU-A Men","0","1","1","Y",
"535","2018",,"2018-11-25 17:00:00","29","City Park","Sikh Union Nrb","Kenya Police","0","1","1","Y",
"536","2018",,"2018-11-28 18:00:00","30","City Park","USIU-A Men","Sikh Union Nrb","2","2","1","Y",
"525","2018",,"2018-12-02 16:00:00","30","Nakuru","Nakuru","Kenya Police","0","2","1","Y",
"537","2018",,"2018-12-02 17:00:00","30","City Park","Strathmore University Men","Butali Warriors","0","3","1","Y",
"538","2018",,"2018-12-08 15:00:00","31","Nakuru","Nakuru","Western Jaguars","0","1","1","Y",
"539","2018",,"2018-12-08 18:00:00","31","City Park","Wazalendo","Parkroad Badgers","3","2","1","Y",
"540","2018",,"2018-12-09 09:00:00","31","City Park","KCAU","Western Jaguars","0","1","1","Y",
"541","2018",,"2018-12-09 15:00:00","31","City Park","Kenya Police","Butali Warriors","1","2","1","Y",
"542","2019",,"2019-03-03 17:00:00","1","City Park","Parklands Sports Club","USIU-A Men","3","2","1","Y",
"543","2019",,"2019-03-06 18:00:00","2","City Park","USIU-A Men","Sailors","3","0","1","Y",
"544","2019",,"2019-03-10 17:00:00","2","City Park","Sikh Union Nrb","Kenya Police","1","1","1","Y",
"545","2019",,"2019-03-16 18:00:00","3","City Park","Wazalendo","Greensharks","3","0","1","Y",
"546","2019",,"2019-03-17 17:00:00","3","City Park","Sailors","Butali Warriors","0","2","1","Y",
"547","2019",,"2019-03-30 15:00:00","4","Kakamega","Western Jaguars","Strathmore University Men","2","0","1","Y",
"548","2019",,"2019-03-31 17:00:00","4","City Park","Wazalendo","Sikh Union Nrb","1","0","1","Y",
"549","2019",,"2019-04-06 18:00:00","5","City Park","Parklands Sports Club","Western Jaguars","2","3","1","Y",
"550","2019",,"2019-04-07 09:00:00","5","City Park","Sikh Union Nrb","Western Jaguars","1","2","1","Y",
"551","2019",,"2019-04-07 17:00:00","5","City Park","Greensharks","USIU-A Men","2","1","1","Y",
"552","2019",,"2019-04-13 18:00:00","6","City Park","Strathmore University Men","Wazalendo","0","1","1","Y",
"553","2019",,"2019-04-14 17:00:00","6","City Park","Parklands Sports Club","Greensharks","1","2","1","Y",
"554","2019",,"2019-04-19 17:00:00","7","City Park","Sailors","Strathmore University Men","3","2","1","Y",
"555","2019",,"2019-04-20 18:00:00","7","City Park","Butali Warriors","Kenya Police","2","1","1","Y",
"556","2019",,"2019-04-21 17:00:00","7","City Park","Sailors","Sikh Union Nrb","2","2","1","Y",
"557","2019",,"2019-04-22 17:00:00","8","City Park","Strathmore University Men","Parklands Sports Club","2","2","1","Y",
"558","2019",,"2019-05-01 17:00:00","9","City Park","Greensharks","Sailors","1","0","1","Y",
"559","2019",,"2019-05-04 15:00:00","9","Kakamega","Western Jaguars","Kenya Police","3","5","1","Y",
"560","2019",,"2019-05-04 18:00:00","9","City Park","Sikh Union Nrb","Parklands Sports Club","2","2","1","Y",
"561","2019",,"2019-05-05 17:00:00","9","City Park","Strathmore University Men","Butali Warriors","0","7","1","Y",
"562","2019",,"2019-05-11 18:00:00","10","City Park","Butali Warriors","USIU-A Men","3","3","1","Y",
"563","2019",,"2019-05-12 17:00:00","10","City Park","Kenya Police","Greensharks","5","2","1","Y",
"565","2019",,"2019-05-18 15:00:00","11","Kakamega","Western Jaguars","USIU-A Men","0","0","1","Y",
"564","2019",,"2019-05-18 18:00:00","11","City Park","Wazalendo","Sailors","4","3","1","Y",
"566","2019",,"2019-05-19 17:00:00","11","City Park","Kenya Police","Parklands Sports Club","3","2","1","Y",
"632","2019",,"2019-06-08 15:00:00","12","Kakamega","Western Jaguars","Wazalendo","2","0","1","Y",
"633","2019",,"2019-06-08 18:00:00","12","City Park","USIU-A Men","Kenya Police","2","2","1","Y",
"634","2019",,"2019-06-09 17:00:00","12","City Park","Butali Warriors","Sikh Union Nrb","3","1","1","Y",
"635","2019",,"2019-06-15 18:00:00","13","City Park","Butali Warriors","Wazalendo","1","1","1","Y",
"636","2019",,"2019-06-16 17:00:00","13","City Park","Greensharks","Strathmore University Men","2","4","1","Y",
"637","2019",,"2019-07-06 18:00:00","14","City Park","Greensharks","Western Jaguars","3","2","1","Y",
"638","2019",,"2019-07-07 11:00:00","14","City Park","Sailors","Western Jaguars","3","2","1","Y",
"639","2019",,"2019-07-07 17:00:00","14","City Park","Sikh Union Nrb","USIU-A Men","1","1","1","Y",
"640","2019",,"2019-07-20 18:00:00","15","City Park","Butali Warriors","Greensharks","0","0","1","Y",
"641","2019",,"2019-07-21 17:00:00","15","City Park","Kenya Police","Strathmore University Men","1","0","1","Y",
"642","2019",,"2019-07-27 15:00:00","16","Kakamega","Western Jaguars","Butali Warriors","0","1","1","Y",
"643","2019",,"2019-07-27 18:00:00","16","City Park","Strathmore University Men","USIU-A Men","3","0","1","Y",
"644","2019",,"2019-07-28 17:00:00","16","City Park","Parklands Sports Club","Wazalendo","1","1","1","Y",
"645","2019",,"2019-08-03 16:00:00","17","City Park","USIU-A Men","Wazalendo","1","0","1","Y",
"646","2019",,"2019-08-03 18:00:00","17","City Park","Kenya Police","Sailors","2","1","1","Y",
"647","2019",,"2019-08-04 15:00:00","17","City Park","Parklands Sports Club","Sailors","1","3","1","Y",
"648","2019",,"2019-08-04 17:00:00","17","City Park","Greensharks","Sikh Union Nrb","4","1","1","Y",
"701","2019",,"2019-08-24 18:00:00","18","City Park","Butali Warriors","Parklands Sports Club","6","0","1","Y",
"702","2019",,"2019-08-25 15:00:00","18","City Park","Sikh Union Nrb","Strathmore University Men","3","2","1","Y",
"703","2019",,"2019-08-25 17:00:00","18","City Park","Wazalendo","Kenya Police","2","1","1","Y",
"704","2019",,"2019-08-28 18:00:00","19","City Park","Sailors","Kenya Police","1","1","1","Y",
"705","2019",,"2019-08-31 18:00:00","19","City Park","Greensharks","Parklands Sports Club","3","1","1","Y",
"706","2019",,"2019-09-01 15:00:00","19","City Park","Sikh Union Nrb","Wazalendo","0","3","1","Y",
"707","2019",,"2019-09-01 17:00:00","19","City Park","Strathmore University Men","Sailors","2","3","1","Y",
"708","2019",,"2019-09-04 18:00:00","20","City Park","Wazalendo","USIU-A Men","2","1","1","Y",
"709","2019",,"2019-09-07 15:00:00","20","Kakamega","Western Jaguars","Greensharks","1","1","1","Y",
"710","2019",,"2019-09-07 18:00:00","20","City Park","USIU-A Men","Sikh Union Nrb","1","0","1","Y",
"711","2019",,"2019-09-08 15:00:00","20","City Park","Wazalendo","Strathmore University Men","1","2","1","Y",
"712","2019",,"2019-09-08 17:00:00","20","City Park","Kenya Police","Butali Warriors","0","1","1","Y",
"713","2019",,"2019-09-11 18:00:00","21","City Park","Parklands Sports Club","Sikh Union Nrb","2","2","1","Y",
"714","2019",,"2019-09-14 15:00:00","21","Kakamega","Western Jaguars","Parklands Sports Club","2","0","1","Y",
"715","2019",,"2019-09-14 18:00:00","21","City Park","Sailors","Wazalendo","1","4","1","Y",
"716","2019",,"2019-09-15 17:00:00","21","City Park","USIU-A Men","Butali Warriors","0","2","1","Y",
"717","2019",,"2019-09-21 18:00:00","22","City Park","Butali Warriors","Strathmore University Men","5","0","1","Y",
"718","2019",,"2019-09-22 17:00:00","22","City Park","USIU-A Men","Greensharks","1","0","1","Y",
"719","2019",,"2019-09-28 18:00:00","23","City Park","Sikh Union Nrb","Butali Warriors","1","4","1","Y",
"720","2019",,"2019-09-29 17:00:00","23","City Park","Sailors","Greensharks","1","0","1","Y",
"721","2019",,"2019-10-02 18:00:00","24","City Park","Strathmore University Men","Greensharks","1","3","1","Y",
"722","2019",,"2019-10-05 18:00:00","24","City Park","Wazalendo","Western Jaguars","3","0","1","Y",
"723","2019",,"2019-10-06 09:00:00","24","City Park","Kenya Police","Western Jaguars","2","1","1","Y",
"727","2019",,"2019-10-26 18:00:00","26","City Park","Greensharks","Parklands Sports Club",NULL,NULL,"0","N",
"724","2019",,"2019-10-26 19:30:00","26","City Park","USIU-A Men","Parklands Sports Club","2","1","1","Y",
"728","2019",,"2019-10-27 17:00:00","26","City Park","Butali Warriors","Sailors","4","0","1","Y",
"729","2019",,"2019-10-30 18:00:00","27","City Park","Kenya Police","Sikh Union Nrb","3","3","1","Y",
"730","2019",,"2019-11-02 18:00:00","27","City Park","Strathmore University Men","Western Jaguars","0","2","1","Y",
"731","2019",,"2019-11-03 11:00:00","27","City Park","USIU-A Men","Western Jaguars","1","1","1","Y",
"732","2019",,"2019-11-03 17:00:00","27","City Park","Sikh Union Nrb","Sailors","1","3","1","Y",
"726","2019",,"2019-11-06 18:00:00","28","City Park","Greensharks","Wazalendo","1","1","1","Y",
"733","2019",,"2019-11-09 16:00:00","28","City Park","Sikh Union Nrb","Greensharks","2","4","1","Y",
"734","2019",,"2019-11-09 18:00:00","28","City Park","Butali Warriors","Western Jaguars","3","2","1","Y",
"735","2019",,"2019-11-10 15:00:00","28","City Park","Strathmore University Men","Kenya Police","0","4","1","Y",
"736","2019",,"2019-11-10 17:00:00","28","City Park","Wazalendo","Parklands Sports Club","2","1","1","Y",
"737","2019",,"2019-11-16 16:00:00","29","City Park","Parklands Sports Club","Kenya Police","1","2","1","Y",
"738","2019",,"2019-11-16 18:00:00","29","City Park","Wazalendo","Butali Warriors","0","2","1","Y",
"739","2019",,"2019-11-17 15:00:00","29","City Park","Sailors","Parklands Sports Club","2","1","1","Y",
"740","2019",,"2019-11-17 17:00:00","29","City Park","Greensharks","Kenya Police","3","3","1","Y",
"725","2019",,"2019-11-20 18:00:00","30","City Park","Kenya Police","USIU-A Men","2","1","1","Y",
"741","2019",,"2019-11-23 15:00:00","30","Kakamega","Western Jaguars","Sailors","3","2","1","Y",
"742","2019",,"2019-11-23 16:00:00","30","City Park","Strathmore University Men","Sikh Union Nrb","2","1","1","Y",
"743","2019",,"2019-11-23 18:00:00","30","City Park","Parklands Sports Club","Butali Warriors","0","2","1","Y",
"744","2019",,"2019-11-24 17:00:00","30","City Park","USIU-A Men","Strathmore University Men","4","3","1","Y",
"745","2019",,"2019-11-30 15:00:00","31","Kakamega","Western Jaguars","Sikh Union Nrb","4","1","1","Y",
"746","2019",,"2019-11-30 16:00:00","31","City Park","Parklands Sports Club","Strathmore University Men","0","2","1","Y",
"748","2019",,"2019-12-01 13:00:00","31","City Park","Kenya Police","Wazalendo","2","3","1","Y",
"749","2019",,"2019-12-01 15:00:00","31","City Park","Greensharks","Butali Warriors","2","4","1","Y",
"747","2019",,"2019-12-07 10:00:00","32","City Park","Sailors","USIU-A Men","2","5","1","Y",
"816","2022",,"2022-03-05 18:00:00","1","City Park","Parkroad Badgers","Greensharks","1","3","1","Y",
"817","2022",,"2022-03-06 17:00:00","1","City Park","USIU-A Men","Sailors","1","1","1","Y",
"818","2022",,"2022-03-12 18:00:00","2","City Park","USIU-A Men","Strathmore University Men","2","2","1","Y",
"819","2022",,"2022-03-13 17:00:00","2","City Park","Wazalendo","Kenya Police","0","3","1","Y",
"820","2022",,"2022-03-19 18:00:00","3","City Park","Butali Warriors","Greensharks","3","0","1","Y",
"821","2022",,"2022-03-20 17:00:00","3","City Park","Wazalendo","USIU-A Men","2","0","1","Y",
"822","2022",,"2022-03-26 18:00:00","4","City Park","Kenya Police","Butali Warriors","2","2","1","Y",
"823","2022",,"2022-03-27 17:00:00","4","City Park","Greensharks","Strathmore University Men","0","3","1","Y",
"824","2022",,"2022-04-02 18:00:00","5","City Park","Sailors","Western Jaguars","3","0","1","Y",
"825","2022",,"2022-04-03 11:00:00","5","City Park","Kenya Police","Western Jaguars","1","2","1","Y",
"826","2022",,"2022-04-03 17:00:00","5","City Park","Butali Warriors","Parkroad Badgers","2","0","1","Y",
"827","2022",,"2022-04-09 14:00:00","6","City Park","Strathmore University Men","Mombasa Sports Club Men","4","3","1","Y",
"828","2022",,"2022-04-09 15:00:00","6","Kakamega","Western Jaguars","USIU-A Men","0","1","1","Y",
"829","2022",,"2022-04-09 18:00:00","6","City Park","Sailors","Greensharks","1","1","1","Y",
"830","2022",,"2022-04-10 10:00:00","6","Kakamega","Western Jaguars","Wazalendo","0","1","1","Y",
"831","2022",,"2022-04-10 11:00:00","6","City Park","Kenya Police","Mombasa Sports Club Men","3","0","1","Y",
"832","2022",,"2022-04-10 17:00:00","6","City Park","Strathmore University Men","Parkroad Badgers","2","1","1","Y",
"833","2022",,"2022-04-23 16:00:00","7","Mombasa","Mombasa Sports Club Men","Sailors","0","1","1","Y",
"834","2022",,"2022-04-23 18:00:00","7","City Park","Greensharks","Wazalendo","0","1","1","Y",
"835","2022",,"2022-04-24 09:00:00","7","Mombasa","Mombasa Sports Club Men","Parkroad Badgers","0","1","1","Y",
"836","2022",,"2022-04-24 17:00:00","7","City Park","Butali Warriors","Strathmore University Men","2","1","1","Y",
"861","2022",,"2022-05-07 13:00:00","8","Kakamega","Western Jaguars","Butali Warriors","0","0","1","Y",
"863","2022",,"2022-05-07 16:00:00","8","City Park","Parkroad Badgers","Sailors","1","0","1","Y",
"862","2022",,"2022-05-07 16:00:00","8","Mombasa","Mombasa Sports Club Men","Greensharks","1","2","1","Y",
"864","2022",,"2022-05-08 15:00:00","8","City Park","USIU-A Men","Kenya Police","0","1","1","Y",
"865","2022",,"2022-05-28 16:00:00","9","City Park","USIU-A Men","Butali Warriors","0","1","1","Y",
"867","2022",,"2022-05-29 15:00:00","9","City Park","Wazalendo","Parkroad Badgers","5","1","1","Y",
"868","2022",,"2022-05-29 17:00:00","9","City Park","Greensharks","Kenya Police","1","2","1","Y",
"869","2022",,"2022-06-01 16:00:00","10","City Park","Sailors","Strathmore University Men","3","2","1","Y",
"870","2022",,"2022-06-04 15:00:00","10","Mombasa","Mombasa Sports Club Men","Wazalendo","1","1","1","Y",
"871","2022",,"2022-06-04 16:00:00","10","City Park","Parkroad Badgers","Kenya Police","2","4","1","Y",
"872","2022",,"2022-06-05 10:00:00","10","Mombasa","Mombasa Sports Club Men","Butali Warriors","1","3","1","Y",
"873","2022",,"2022-06-05 15:00:00","10","City Park","Kenya Police","Strathmore University Men","2","1","1","Y",
"874","2022",,"2022-06-05 17:00:00","10","City Park","USIU-A Men","Parkroad Badgers","2","0","1","Y",
"875","2022",,"2022-06-11 16:00:00","11","City Park","Mombasa Sports Club Men","Western Jaguars","0","7","1","Y",
"876","2022",,"2022-06-12 09:00:00","11","City Park","USIU-A Men","Mombasa Sports Club Men","3","2","1","Y",
"877","2022",,"2022-06-12 13:00:00","11","City Park","Strathmore University Men","Wazalendo","4","1","1","Y",
"878","2022",,"2022-06-12 15:00:00","11","City Park","Butali Warriors","Sailors","2","1","1","Y",
"879","2022",,"2022-06-26 13:00:00","12","City Park","Sailors","Kenya Police","2","3","1","Y",
"880","2022",,"2022-06-26 15:00:00","12","City Park","Butali Warriors","Wazalendo","6","2","1","Y",
"881","2022",,"2022-06-26 17:00:00","12","City Park","Greensharks","USIU-A Men","1","0","1","Y",
"882","2022",,"2022-07-02 12:00:00","13","Kakamega","Western Jaguars","Parkroad Badgers","1","0","1","Y",
"883","2022",,"2022-07-02 16:00:00","13","City Park","Wazalendo","Sailors","1","1","1","Y",
"884","2022",,"2022-07-03 10:00:00","13","Kakamega","Western Jaguars","Greensharks","2","1","1","Y",
"885","2022",,"2022-09-10 18:00:00","14","City Park","Kenya Police","Wazalendo","1","1","1","Y",
"886","2022",,"2022-09-11 15:00:00","14","City Park","Parkroad Badgers","USIU-A Men","0","4","1","Y",
"887","2022",,"2022-09-11 17:00:00","14","City Park","Greensharks","Butali Warriors","0","3","1","Y",
"888","2022",,"2022-09-17 18:00:00","15","City Park","Parkroad Badgers","Mombasa Sports Club Men","0","2","1","Y",
"889","2022",,"2022-09-18 11:00:00","15","City Park","Greensharks","Mombasa Sports Club Men","3","1","1","Y",
"890","2022",,"2022-09-18 17:00:00","15","City Park","USIU-A Men","Wazalendo","1","1","1","Y",
"891","2022",,"2022-09-24 13:00:00","16","Kakamega","Western Jaguars","Strathmore University Men","1","0","1","Y",
"892","2022",,"2022-09-24 18:00:00","16","City Park","Greensharks","Sailors","0","1","1","Y",
"893","2022",,"2022-09-25 17:00:00","16","City Park","Wazalendo","Butali Warriors","1","4","1","Y",
"894","2022",,"2022-10-01 16:00:00","17","City Park","Strathmore University Men","Greensharks","1","2","1","Y",
"895","2022",,"2022-10-01 18:00:00","17","City Park","Butali Warriors","Western Jaguars","2","2","1","Y",
"896","2022",,"2022-10-02 17:00:00","17","City Park","Kenya Police","Sailors","1","1","1","Y",
"897","2022",,"2022-10-15 18:00:00","18","City Park","USIU-A Men","Western Jaguars","0","5","1","Y",
"898","2022",,"2022-10-16 09:00:00","18","City Park","Strathmore University Men","Western Jaguars","2","5","1","Y",
"899","2022",,"2022-10-20 18:00:00","19","City Park","Strathmore University Men","USIU-A Men","0","0","1","Y",
"900","2022",,"2022-10-22 14:00:00","19","Eregi TTC","Western Jaguars","Kenya Police","2","0","1","Y",
"901","2022",,"2022-10-22 18:00:00","19","City Park","Parkroad Badgers","Butali Warriors","0","5","1","Y",
"902","2022",,"2022-10-23 17:00:00","19","City Park","Strathmore University Men","Parkroad Badgers","1","0","1","Y",
"903","2022",,"2022-10-29 14:00:00","20","Eregi TTC","Western Jaguars","Sailors","2","0","1","Y",
"904","2022",,"2022-10-29 18:00:00","20","City Park","Strathmore University Men","Butali Warriors","2","2","1","Y",
"905","2022",,"2022-10-30 17:00:00","20","City Park","Kenya Police","USIU-A Men","1","0","1","Y",
"906","2022",,"2022-11-12 15:00:00","21","Mombasa","Mombasa Sports Club Men","Kenya Police","0","0","1","Y",
"907","2022",,"2022-11-12 18:00:00","21","City Park","Sailors","Parkroad Badgers","1","1","1","Y",
"908","2022",,"2022-11-13 09:00:00","21","Mombasa","Mombasa Sports Club Men","USIU-A Men","0","0","1","Y",
"909","2022",,"2022-11-13 17:00:00","21","City Park","Wazalendo","Greensharks","6","2","1","Y",
"910","2022",,"2022-11-19 18:00:00","22","City Park","Sailors","Mombasa Sports Club Men","3","2","1","Y",
"911","2022",,"2022-11-20 11:00:00","22","City Park","Wazalendo","Mombasa Sports Club Men","3","0","1","Y",
"912","2022",,"2022-11-20 17:00:00","22","City Park","Butali Warriors","USIU-A Men","1","0","1","Y",
"920","2022",,"2022-11-26 18:00:00","23","City Park","USIU-A Men","Greensharks","1","0","1","Y",
"921","2022",,"2022-11-27 17:00:00","23","City Park","Strathmore University Men","Sailors","2","1","1","Y",
"922","2022",,"2022-12-03 16:00:00","24","City Park","Greensharks","Western Jaguars","1","3","1","Y",
"923","2022",,"2022-12-03 18:00:00","24","City Park","Butali Warriors","Mombasa Sports Club Men","6","0","1","Y",
"924","2022",,"2022-12-04 08:00:00","24","City Park","Western Jaguars","Mombasa Sports Club Men","3","1","1","Y",
"925","2022",,"2022-12-04 17:00:00","24","City Park","Parkroad Badgers","Wazalendo","0","3","1","Y",
"926","2022",,"2023-01-07 18:00:00","25","City Park","Greensharks","Parkroad Badgers","1","4","1","Y",
"927","2022",,"2023-01-08 15:00:00","25","City Park","Kenya Police","Greensharks","3","0","1","Y",
"928","2022",,"2023-01-08 17:00:00","25","City Park","Sailors","Butali Warriors","1","4","1","Y",
"929","2022",,"2023-01-14 18:00:00","26","City Park","Strathmore University Men","Kenya Police","0","2","1","Y",
"930","2022",,"2023-01-15 15:00:00","26","City Park","Kenya Police","Parkroad Badgers","2","0","1","Y",
"931","2022",,"2023-01-15 17:00:00","26","City Park","Wazalendo","Strathmore University Men","2","3","1","Y",
"932","2022",,"2023-01-21 15:00:00","27","Mombasa","Mombasa Sports Club Men","Strathmore University Men","0","2","1","Y",
"933","2022",,"2023-01-21 18:00:00","27","City Park","Wazalendo","Western Jaguars","2","1","1","Y",
"934","2022",,"2023-01-22 11:00:00","27","City Park","Parkroad Badgers","Western Jaguars","0","4","1","Y",
"935","2022",,"2023-01-22 17:00:00","27","City Park","Sailors","Wazalendo","3","2","1","Y",
"936","2022",,"2023-01-28 18:00:00","28","City Park","Sailors","USIU-A Men","1","0","1","Y",
"937","2022",,"2023-01-29 13:00:00","28","City Park","Butali Warriors","Kenya Police","0","1","1","Y",
"938","2023",,"2023-04-07 16:00:00","1","City Park","Sailors","Wazalendo","2","4","1","Y",
"939","2023",,"2023-04-08 18:00:00","1","City Park","Sailors","Sikh Union Nrb","3","2","1","Y",
"940","2023",,"2023-04-09 18:00:00","1","City Park","Greensharks","Butali Warriors","1","4","1","Y",
"941","2023",,"2023-04-10 16:00:00","2","City Park","Wazalendo","Kenya Police","1","1","1","Y",
"942","2023",,"2023-04-15 18:00:00","2","City Park","Butali Warriors","Sikh Union Nrb","3","1","1","Y",
"943","2023",,"2023-04-16 16:00:00","2","City Park","Strathmore University Men","Sailors","2","1","1","Y",
"944","2023",,"2023-04-16 18:00:00","2","City Park","Kenya Police","Greensharks","2","1","1","Y",
"951","2023",,"2023-04-23 18:00:00","3","City Park","Wazalendo","Butali Warriors","1","1","1","Y",
"946","2023",,"2023-04-29 14:00:00","4","Dashmesh Stadium","Sikh Union Nrb","Strathmore University Men","3","1","1","Y",
"947","2023",,"2023-04-29 18:00:00","4","City Park","Sailors","Greensharks","1","0","1","Y",
"948","2023",,"2023-04-30 16:00:00","4","City Park","Wazalendo","Sikh Union Nrb","2","3","1","Y",
"952","2023",,"2023-05-01 17:00:00","5","City Park","Kenya Police","Strathmore University Men","1","1","1","Y",
"953","2023",,"2023-05-06 14:00:00","5","Kakamega","Western Jaguars","Butali Warriors","0","5","1","Y",
"954","2023",,"2023-05-06 16:00:00","5","City Park","Strathmore University Men","KCAU","0","0","1","Y",
"950","2023",,"2023-05-06 18:00:00","5","City Park","Greensharks","Sikh Union Nrb","2","2","1","Y",
"955","2023",,"2023-05-07 14:00:00","5","Dashmesh Stadium","Sikh Union Nrb","Kenya Police","1","3","1","Y",
"956","2023",,"2023-05-07 15:00:00","5","City Park","KCAU","Greensharks","2","2","1","Y",
"957","2023",,"2023-05-07 17:00:00","5","City Park","Strathmore University Men","Wazalendo","3","2","1","Y",
"945","2023",,"2023-05-13 16:00:00","6","City Park","Kenya Police","Sailors","4","1","1","Y",
"958","2023",,"2023-05-13 16:00:00","6","City Park","USIU-A Men","Western Jaguars","0","2","1","Y",
"959","2023",,"2023-05-14 10:00:00","6","City Park","KCAU","Western Jaguars","0","2","1","Y",
"960","2023",,"2023-05-14 18:00:00","6","City Park","USIU-A Men","Wazalendo","0","2","1","Y",
"961","2023",,"2023-05-17 17:30:00","7","City Park","Greensharks","USIU-A Men","1","2","1","Y",
"962","2023",,"2023-05-27 14:00:00","8","Kakamega","Western Jaguars","Wazalendo","4","1","1","Y",
"963","2023",,"2023-05-27 18:00:00","8","City Park","USIU-A Men","Butali Warriors","2","2","1","Y",
"964","2023",,"2023-05-28 09:00:00","8","Kakamega","Western Jaguars","Strathmore University Men","3","0","1","Y",
"965","2023",,"2023-05-28 18:00:00","8","City Park","KCAU","Kenya Police","1","5","1","Y",
"966","2023",,"2023-06-01 17:00:00","9","City Park","Kenya Police","Butali Warriors","1","3","1","Y",
"967","2023",,"2023-06-03 15:00:00","9","Dashmesh Stadium","Sikh Union Nrb","Western Jaguars","1","3","1","Y",
"949","2023",,"2023-06-04 08:00:00","9","City Park","Sailors","Western Jaguars","2","2","1","Y",
"968","2023",,"2023-06-10 13:00:00","10","Kakamega","Western Jaguars","Greensharks","3","0","1","Y",
"969","2023",,"2023-06-10 18:00:00","10","City Park","Sailors","KCAU","4","0","1","Y",
"970","2023",,"2023-06-11 17:00:00","10","City Park","USIU-A Men","KCAU","3","3","1","Y",
"971","2023",,"2023-06-24 18:00:00","11","City Park","Butali Warriors","KCAU","6","1","1","Y",
"972","2023",,"2023-06-25 16:00:00","11","City Park","USIU-A Men","Kenya Police","0","1","1","Y",
"973","2023",,"2023-06-25 18:00:00","11","City Park","KCAU","Sikh Union Nrb","1","2","1","Y",
"974","2023",,"2023-07-01 18:00:00","12","City Park","Strathmore University Men","USIU-A Men","1","2","1","Y",
"975","2023",,"2023-07-02 18:00:00","12","City Park","Greensharks","Strathmore University Men","0","1","1","Y",
"976","2023",,"2023-07-08 18:00:00","13","City Park","Butali Warriors","Strathmore University Men","2","1","1","Y",
"977","2023",,"2023-07-09 18:00:00","13","City Park","Sailors","USIU-A Men","1","3","1","Y",
"978","2023",,"2023-07-29 13:00:00","14","Eregi TTC","Western Jaguars","Kenya Police","1","0","1","Y",
"979","2023",,"2023-07-29 18:00:00","14","City Park","Butali Warriors","Sailors","3","2","1","Y",
"980","2023",,"2023-07-30 18:00:00","14","City Park","Wazalendo","KCAU","3","1","1","Y",
"981","2023",,"2023-08-12 18:00:00","15","City Park","Greensharks","Wazalendo","2","4","1","Y",
"982","2023",,"2023-08-13 14:00:00","15","City Park","KCAU","Strathmore University Men","3","3","1","Y",
"983","2023",,"2023-08-19 15:00:00","16","Dashmesh Stadium","Sikh Union Nrb","Sailors","1","2","1","Y",
"984","2023",,"2023-08-19 18:00:00","16","City Park","Butali Warriors","Greensharks","4","1","1","Y",
"985","2023",,"2023-08-20 16:00:00","16","City Park","Greensharks","Sailors","1","1","1","Y",
"986","2023",,"2023-08-20 18:00:00","16","City Park","Strathmore University Men","Kenya Police","2","3","1","Y",
"987","2023",,"2023-09-09 18:00:00","17","City Park","Kenya Police","KCAU","1","1","1","Y",
"988","2023",,"2023-09-10 15:00:00","17","City Park","Greensharks","KCAU","0","1","1","Y",
"989","2023",,"2023-09-10 17:00:00","17","City Park","Butali Warriors","USIU-A Men","6","1","1","Y",
"990","2023",,"2023-09-16 15:00:00","18","Dashmesh Stadium","Sikh Union Nrb","Butali Warriors","3","4","1","Y",
"991","2023",,"2023-09-16 18:00:00","18","City Park","Kenya Police","Wazalendo","2","1","1","Y",
"992","2023",,"2023-09-17 18:00:00","18","City Park","USIU-A Men","Greensharks","0","1","1","Y",
"993","2023",,"2023-09-23 16:00:00","19","City Park","USIU-A Men","Sikh Union Nrb","2","3","1","Y",
"994","2023",,"2023-09-23 18:00:00","19","City Park","Strathmore University Men","Western Jaguars","0","1","1","Y",
"996","2023",,"2023-09-24 15:00:00","19","City Park","Greensharks","Kenya Police","1","2","1","Y",
"997","2023",,"2023-09-24 17:00:00","19","City Park","Wazalendo","Western Jaguars","2","1","1","Y",
"998","2023",,"2023-10-01 18:00:00","20","City Park","Wazalendo","Sailors","1","1","1","Y",
"995","2023",,"2023-10-10 16:00:00","21","City Park","KCAU","Sailors","1","3","1","Y",
