legacy_id,season,zone,date,game_week,venue,home_team_name,away_team_name,home_score,away_score,played,active,description
1,2016,,02/07/2016 12:00,0,CITY PARK,Blazers H.C,Kenyatta University,10,0,1,Y,
2,2016,,03/07/2016 09:00,0,CITY PARK,Sliders,Daystar University,10,0,1,Y,
3,2016,,03/07/2016 12:00,0,CITY PARK,JKUAT,Daystar University,1,0,1,Y,
4,2016,,17/07/2016 11:00,0,CITY PARK,USIU-A,Vikings,1,0,1,Y,
5,2016,,23/07/2016 12:00,0,CITY PARK,Kenyatta University,Amira Sailors,0,0,1,Y,
6,2016,,24/07/2016 13:00,0,CITY PARK,Blazers H.C,Strathmore University,2,2,1,Y,
7,2016,,30/07/2016 12:00,0,CITY PARK,Sliders,JKUAT,7,0,1,Y,
8,2016,,31/07/2016 13:00,0,CITY PARK,Vikings,Amira Sailors,0,2,1,Y,
9,2016,,06/08/2016 12:00,0,CITY PARK,Kenyatta University,JKUAT,2,0,1,Y,
10,2016,,07/08/2016 09:00,0,CITY PARK,Vikings,Daystar University,2,0,1,Y,
11,2016,,07/08/2016 11:00,0,CITY PARK,Strathmore University,USIU-A,5,1,1,Y,
12,2016,,13/08/2016 12:00,0,CITY PARK,JKUAT,Amira Sailors,0,8,1,Y,
13,2016,,14/08/2016 09:00,0,CITY PARK,Blazers H.C,USIU-A,6,1,1,Y,
14,2016,,11/09/2016 09:00,0,CITY PARK,JKUAT,USIU-A,0,4,1,Y,
15,2016,,17/09/2016 14:00,0,CITY PARK,Blazers H.C,Sliders,6,0,1,Y,
16,2016,,18/09/2016 09:00,0,CITY PARK,Vikings,Strathmore University,1,0,1,Y,
17,2016,,24/09/2016 12:00,0,CITY PARK,USIU-A,Kenyatta University,5,1,1,Y,
18,2016,,25/09/2016 13:00,0,CITY PARK,Daystar University,Amira Sailors,0,5,1,Y,
19,2016,,25/09/2016 15:00,0,CITY PARK,Sliders,Strathmore University,1,1,1,Y,
20,2016,,02/10/2016 11:00,0,CITY PARK,Blazers H.C,Vikings,3,0,1,Y,
21,2016,,08/10/2016 12:00,0,CITY PARK,Strathmore University,Amira Sailors,1,0,1,Y,
22,2016,,08/10/2016 14:00,0,CITY PARK,Sliders,USIU-A,0,0,1,Y,
23,2016,,09/10/2016 09:00,0,CITY PARK,Kenyatta University,Daystar University,2,0,1,Y,
24,2016,,15/10/2016 12:00,0,CITY PARK,Blazers H.C,Daystar University,16,0,1,Y,
25,2016,,15/10/2016 14:00,0,CITY PARK,Sliders,Vikings,1,1,1,Y,
26,2016,,16/10/2016 11:00,0,CITY PARK,Blazers H.C,JKUAT,12,0,1,Y,
27,2016,,29/10/2016 12:00,0,CITY PARK,USIU-A,Amira Sailors,0,0,1,Y,
28,2016,,30/10/2016 09:00,0,CITY PARK,Strathmore University,Kenyatta University,2,0,1,Y,
29,2016,,05/11/2016 12:00,0,CITY PARK,Amira Sailors,Sliders,2,0,1,Y,
30,2016,,05/11/2016 14:00,0,CITY PARK,Strathmore University,JKUAT,5,1,1,Y,
31,2016,,06/11/2016 09:00,0,CITY PARK,Kenyatta University,Vikings,0,5,1,Y,
32,2016,,06/11/2016 23:00,0,CITY PARK,USIU-A,Daystar University,10,0,1,Y,
33,2016,,12/11/2016 14:00,0,CITY PARK,Kenyatta University,Sliders,0,0,1,Y,
34,2016,,13/11/2016 11:00,0,CITY PARK,Daystar University,Strathmore University,0,9,1,Y,
35,2016,,13/11/2016 13:00,0,CITY PARK,Blazers H.C,Amira Sailors,4,0,1,Y,
36,2016,,19/11/2016 14:00,0,CITY PARK,JKUAT,Vikings,1,7,1,Y,
37,2017,,11/03/2017 14:00,1,CITY PARK,Blazers H.C,Amira Sailors,3,0,1,Y,
38,2017,,12/03/2017 11:00,1,CITY PARK,JKUAT,Multimedia University,1,0,1,Y,
39,2017,,18/03/2017 12:00,2,CITY PARK,USIU-A,Kenyatta University,2,0,1,Y,
40,2017,,19/03/2017 13:00,2,CITY PARK,Sliders,UON,4,2,1,Y,
41,2017,,22/03/2017 18:00,3,CITY PARK,Strathmore University,Vikings,3,0,1,Y,
42,2017,,25/03/2017 12:00,3,CITY PARK,Amira Sailors,Multimedia University,12,1,1,Y,
43,2017,,26/03/2017 11:00,3,CITY PARK,Strathmore University,UON,5,1,1,Y,
44,2017,,26/03/2017 13:00,3,CITY PARK,USIU-A,Blazers H.C,0,10,1,Y,
45,2017,,01/04/2017 12:00,4,CITY PARK,UON,Multimedia University,0,1,1,Y,
46,2017,,02/04/2017 09:00,4,CITY PARK,Kenyatta University,JKUAT,0,0,1,Y,
51,2017,,15/04/2017 14:00,5,CITY PARK,Vikings,Amira Sailors,0,4,1,Y,
47,2017,,15/04/2017 16:00,5,CITY PARK,Blazers H.C,Strathmore University,2,0,1,Y,
52,2017,,16/04/2017 09:00,5,CITY PARK,Blazers H.C,UON,11,0,1,Y,
50,2017,,17/04/2017 09:00,6,CITY PARK,Amira Sailors,JKUAT,0,0,1,Y,
137,2017,,17/04/2017 10:00,6,CITY PARK,Sliders,Vikings,1,2,1,Y,
79,2017,,22/04/2017 16:00,6,CITY PARK,Sliders,Mombasa Sports Club,5,0,1,Y,
54,2017,,23/04/2017 09:00,6,CITY PARK,JKUAT,Mombasa Sports Club,5,0,1,Y,
112,2017,,23/04/2017 13:00,6,CITY PARK,Blazers H.C,Vikings,5,0,1,Y,
56,2017,,29/04/2017 12:00,7,CITY PARK,JKUAT,Sliders,1,1,1,Y,
57,2017,,30/04/2017 11:00,7,MOMBASA,Mombasa Sports Club,Blazers H.C,0,5,1,Y,
105,2017,,30/04/2017 13:00,7,CITY PARK,Multimedia University,Kenyatta University,0,2,1,Y,
126,2017,,01/05/2017 09:00,8,CITY PARK,Amira Sailors,Strathmore University,1,1,1,Y,
60,2017,,06/05/2017 12:00,8,CITY PARK,UON,Amira Sailors,0,6,1,Y,
61,2017,,07/05/2017 11:00,8,CITY PARK,Kenyatta University,Strathmore University,0,3,1,Y,
62,2017,,13/05/2017 12:00,9,CITY PARK,Vikings,JKUAT,0,1,1,Y,
63,2017,,13/05/2017 16:00,9,MOMBASA,Mombasa Sports Club,USIU-A,0,5,1,Y,
64,2017,,14/05/2017 01:00,9,CITY PARK,Strathmore University,Sliders,2,1,1,Y,
127,2017,,20/05/2017 14:00,10,CITY PARK,Vikings,USIU-A,0,1,1,Y,
66,2017,,21/05/2017 09:00,10,CITY PARK,Amira Sailors,Kenyatta University,2,0,1,Y,
48,2017,,21/05/2017 17:00,10,CITY PARK,USIU-A,Sliders,2,1,1,Y,
67,2017,,27/05/2017 16:00,11,CITY PARK,Multimedia University,Mombasa Sports Club,0,2,1,Y,
68,2017,,28/05/2017 09:00,11,CITY PARK,UON,Mombasa Sports Club,1,1,1,Y,
92,2017,,28/05/2017 13:00,11,CITY PARK,Kenyatta University,Vikings,1,2,1,Y,
74,2017,,28/05/2017 17:00,11,CITY PARK,USIU-A,JKUAT,2,0,1,Y,
70,2017,,31/05/2017 18:00,12,CITY PARK,Blazers H.C,Sliders,8,0,1,Y,
71,2017,,03/06/2017 12:00,12,CITY PARK,Amira Sailors,USIU-A,0,2,1,Y,
87,2017,,03/06/2017 12:00,12,CITY PARK,Vikings,Multimedia University,1,0,1,Y,
49,2017,,03/06/2017 15:00,12,MOMBASA,Mombasa Sports Club,Strathmore University,0,5,1,Y,
138,2017,,04/06/2017 09:00,12,CITY PARK,Blazers H.C,JKUAT,6,0,1,Y,
72,2017,,04/06/2017 11:00,12,CITY PARK,Kenyatta University,Sliders,1,1,1,Y,
58,2017,,10/06/2017 10:00,13,CITY PARK,Multimedia University,USIU-A,0,9,1,Y,
73,2017,,11/06/2017 13:00,13,CITY PARK,Vikings,UON,2,0,1,Y,
81,2017,,17/06/2017 12:00,14,CITY PARK,Blazers H.C,Multimedia University,11,0,1,Y,
75,2017,,17/06/2017 15:00,14,MOMBASA,Mombasa Sports Club,Amira Sailors,1,3,1,Y,
76,2017,,18/06/2017 13:00,14,CITY PARK,Sliders,Multimedia University,4,0,1,Y,
82,2017,,24/06/2017 10:00,15,CITY PARK,Strathmore University,Multimedia University,6,0,1,Y,
139,2017,,25/06/2017 11:00,15,CITY PARK,Strathmore University,USIU-A,2,2,1,Y,
78,2017,,02/07/2017 09:00,16,CITY PARK,UON,Kenyatta University,0,6,1,Y,
53,2017,,15/07/2017 16:00,17,CITY PARK,Kenyatta University,Mombasa Sports Club,3,0,1,Y,
80,2017,,16/07/2017 09:00,17,CITY PARK,Vikings,Mombasa Sports Club,3,0,1,Y,
140,2017,,16/07/2017 11:00,17,CITY PARK,Strathmore University,JKUAT,3,1,1,Y,
84,2017,,22/07/2017 12:00,18,CITY PARK,JKUAT,UON,1,0,1,Y,
83,2017,,22/07/2017 16:00,18,CITY PARK,Blazers H.C,Kenyatta University,9,0,1,Y,
86,2017,,23/07/2017 11:00,18,CITY PARK,USIU-A,UON,6,0,1,Y,
85,2017,,23/07/2017 15:00,18,CITY PARK,Sliders,Amira Sailors,1,3,1,Y,
134,2017,,09/09/2017 14:00,19,CITY PARK,UON,Sliders,0,4,1,Y,
133,2017,,10/09/2017 09:00,19,CITY PARK,JKUAT,Vikings,0,0,1,Y,
132,2017,,13/09/2017 18:00,20,CITY PARK,Kenyatta University,USIU-A,0,3,1,Y,
131,2017,,16/09/2017 10:00,20,CITY PARK,USIU-A,Multimedia University,7,0,1,Y,
130,2017,,16/09/2017 14:00,20,CITY PARK,Vikings,Blazers H.C,0,6,1,Y,
129,2017,,23/09/2017 10:00,21,CITY PARK,UON,JKUAT,0,1,1,Y,
128,2017,,23/09/2017 14:00,21,CITY PARK,Strathmore University,Amira Sailors,0,0,1,Y,
125,2017,,24/09/2017 09:00,21,CITY PARK,Multimedia University,JKUAT,1,4,1,Y,
124,2017,,24/09/2017 11:00,21,CITY PARK,Sliders,Kenyatta University,1,0,1,Y,
147,2017,,30/09/2017 15:00,22,MOMBASA,Mombasa Sports Club,Kenyatta University,0,3,1,Y,
148,2017,,01/10/2017 14:00,22,CITY PARK,UON,Vikings,0,2,1,Y,
149,2017,,07/10/2017 09:00,23,CITY PARK,Kenyatta University,Multimedia University,2,0,1,Y,
150,2017,,07/10/2017 15:00,23,MOMBASA,Mombasa Sports Club,Sliders,1,3,1,Y,
151,2017,,14/10/2017 09:00,24,CITY PARK,Multimedia University,Amira Sailors,0,7,1,Y,
152,2017,,14/10/2017 10:30,24,CITY PARK,JKUAT,Kenyatta University,5,0,1,Y,
154,2017,,20/10/2017 10:00,25,CITY PARK,Kenyatta University,Amira Sailors,0,2,1,Y,
156,2017,,04/11/2017 18:00,26,CITY PARK,Amira Sailors,Mombasa Sports Club,5,0,1,Y,
157,2017,,05/11/2017 09:00,26,CITY PARK,Strathmore University,Mombasa Sports Club,5,0,1,Y,
158,2017,,05/11/2017 13:00,26,CITY PARK,JKUAT,Blazers H.C,0,5,1,Y,
100,2017,,11/11/2017 10:00,27,CITY PARK,JKUAT,Strathmore University,0,5,1,Y,
106,2017,,11/11/2017 14:00,27,CITY PARK,USIU-A,Vikings,2,0,1,Y,
103,2017,,12/11/2017 11:00,27,CITY PARK,Sliders,Blazers H.C,0,3,1,Y,
101,2017,,19/11/2017 11:00,28,CITY PARK,Vikings,Sliders,2,2,1,Y,
159,2017,,19/11/2017 13:00,28,CITY PARK,Strathmore University,Blazers H.C,2,3,1,Y,
99,2017,,25/11/2017 12:00,29,CITY PARK,Multimedia University,UON,1,1,1,Y,
96,2017,,26/11/2017 09:00,29,CITY PARK,Multimedia University,Vikings,3,1,1,Y,
98,2017,,26/11/2017 11:00,29,CITY PARK,Blazers H.C,USIU-A,6,0,1,Y,
93,2017,,03/12/2017 12:00,30,CITY PARK,Amira Sailors,Sliders,3,0,1,Y,
144,2017,,03/12/2017 13:30,30,CITY PARK,Vikings,Strathmore University,1,2,1,Y,
104,2017,,09/12/2017 15:00,31,MOMBASA,Mombasa Sports Club,UON,0,0,1,Y,
153,2017,,10/12/2017 09:00,31,MOMBASA,Mombasa Sports Club,Multimedia University,0,2,1,Y,
146,2017,,10/12/2017 13:00,31,CITY PARK,Amira Sailors,Vikings,1,1,1,Y,
162,2017,,12/12/2017 09:00,32,CITY PARK,UON,Strathmore University,0,6,1,Y,
141,2017,,12/12/2017 10:30,32,CITY PARK,Amira Sailors,Blazers H.C,1,5,1,Y,
164,2017,,16/12/2017 14:00,32,CITY PARK,Sliders,Strathmore University,1,1,1,Y,
142,2017,,17/12/2017 13:00,32,CITY PARK,UON,Blazers H.C,0,5,1,Y,
65,2017,,13/01/2018 10:00,33,CITY PARK,Strathmore University,Kenyatta University,4,0,1,Y,
143,2017,,13/01/2018 14:00,33,CITY PARK,Multimedia University,Sliders,0,4,1,Y,
97,2017,,14/01/2018 09:00,33,MOMBASA,Mombasa Sports Club,JKUAT,2,0,1,Y,
91,2017,,14/01/2018 11:00,33,CITY PARK,Vikings,Kenyatta University,0,0,1,Y,
163,2017,,14/01/2018 13:00,33,CITY PARK,Multimedia University,Blazers H.C,0,6,1,Y,
161,2017,,19/01/2018 18:00,34,CITY PARK,JKUAT,USIU-A,0,3,1,Y,
155,2017,,20/01/2018 10:00,34,CITY PARK,UON,USIU-A,0,1,1,Y,
88,2017,,20/01/2018 14:00,34,CITY PARK,JKUAT,Amira Sailors,0,4,1,Y,
160,2017,,21/01/2018 12:00,34,CITY PARK,USIU-A,Amira Sailors,2,0,1,Y,
90,2017,,26/01/2018 18:00,35,CITY PARK,Sliders,USIU-A,0,1,1,Y,
77,2017,,27/01/2018 10:00,35,CITY PARK,Amira Sailors,UON,2,1,1,Y,
89,2017,,02/02/2018 18:00,36,CITY PARK,USIU-A,Strathmore University,0,0,1,Y,
59,2017,,03/02/2018 14:00,36,CITY PARK,Sliders,JKUAT,2,0,1,Y,
145,2017,,04/02/2018 09:00,36,CITY PARK,Multimedia University,Strathmore University,0,8,1,Y,
69,2017,,04/02/2018 11:00,36,CITY PARK,Kenyatta University,Blazers H.C,0,6,1,Y,
102,2017,,10/02/2018 14:00,37,CITY PARK,Kenyatta University,UON,1,0,1,Y,
55,2017,,11/02/2018 09:00,37,MOMBASA,Mombasa Sports Club,Vikings,5,0,1,Y,
94,2017,,17/02/2018 16:00,38,CITY PARK,USIU-A,Mombasa Sports Club,5,1,1,Y,
95,2017,,18/02/2018 09:00,38,CITY PARK,Blazers H.C,Mombasa Sports Club,10,0,1,Y,
165,2018,,08/04/2018 09:00,1,City Park,USIU-A,Blazers H.C,0,3,1,Y,
166,2018,,08/04/2018 15:00,1,City Park,Sliders,Amira Sailors,1,2,1,Y,
167,2018,,14/04/2018 14:00,2,City Park,JKUAT,Vikings,1,1,1,Y,
168,2018,,15/04/2018 15:00,2,City Park,Vikings,Sliders,0,5,1,Y,
178,2018,,21/04/2018 14:00,3,City Park,Blazers H.C,Amira Sailors,7,0,1,Y,
170,2018,,28/04/2018 16:00,4,City Park,JKUAT,Strathmore University,0,3,1,Y,
171,2018,,05/05/2018 12:00,5,City Park,Amira Sailors,Vikings,1,0,1,Y,
172,2018,,06/05/2018 11:00,5,City Park,Amira Sailors,Strathmore University,0,2,1,Y,
173,2018,,06/05/2018 13:00,5,City Park,Sliders,Blazers H.C,2,5,1,Y,
174,2018,,12/05/2018 12:00,6,City Park,Strathmore University,USIU-A,3,1,1,Y,
179,2018,,19/05/2018 16:00,7,City Park,Strathmore University,Sliders,3,1,1,Y,
180,2018,,26/05/2018 12:00,8,City Park,Vikings,Blazers H.C,0,11,1,Y,
181,2018,,09/06/2018 12:00,9,City Park,USIU-A,Amira Sailors,2,0,1,Y,
183,2018,,16/06/2018 12:00,10,City Park,Vikings,USIU-A,0,2,1,Y,
188,2018,,16/06/2018 18:00,10,City Park,JKUAT,Blazers H.C,0,2,1,Y,
182,2018,,17/06/2018 09:00,10,City Park,USIU-A,JKUAT,0,0,1,Y,
189,2018,,01/07/2018 13:00,11,City Park,JKUAT,Sliders,0,0,1,Y,
190,2018,,14/07/2018 12:00,12,City Park,Strathmore University,Vikings,5,0,1,Y,
191,2018,,14/07/2018 16:00,12,City Park,Amira Sailors,JKUAT,2,0,1,Y,
192,2018,,15/07/2018 11:00,12,City Park,Blazers H.C,Strathmore University,1,0,1,Y,
193,2018,,22/07/2018 13:00,13,City Park,Sliders,USIU-A,1,5,1,Y,
194,2018,,04/08/2018 14:00,14,City Park,Blazers H.C,USIU-A,1,0,1,Y,
215,2018,,02/09/2018 09:00,15,City Park,Vikings,JKUAT,0,1,1,Y,
216,2018,,02/09/2018 11:00,15,City Park,Amira Sailors,Blazers H.C,1,6,1,Y,
217,2018,,08/09/2018 16:00,16,City Park,USIU-A,Strathmore University,0,1,1,Y,
218,2018,,16/09/2018 11:00,17,City Park,Sliders,Vikings,6,0,1,Y,
219,2018,,22/09/2018 12:00,18,City Park,Blazers H.C,JKUAT,11,0,1,Y,
220,2018,,23/09/2018 13:00,18,City Park,Vikings,Strathmore University,0,7,1,Y,
221,2018,,30/09/2018 15:00,19,City Park,Blazers H.C,Sliders,7,0,1,Y,
222,2018,,06/10/2018 12:00,20,City Park,Vikings,Amira Sailors,1,6,1,Y,
223,2018,,07/10/2018 11:00,20,City Park,Strathmore University,JKUAT,3,0,1,Y,
224,2018,,13/10/2018 12:00,21,City Park,JKUAT,Amira Sailors,1,1,1,Y,
225,2018,,03/11/2018 12:00,22,City Park,Sliders,Strathmore University,1,3,1,Y,
226,2018,,10/11/2018 14:00,23,City Park,Blazers H.C,Vikings,7,0,1,Y,
227,2018,,11/11/2018 15:00,23,City Park,JKUAT,USIU-A,1,2,1,Y,
228,2018,,17/11/2018 12:00,24,City Park,USIU-A,Sliders,3,0,1,Y,
229,2018,,18/11/2018 11:00,24,City Park,Strathmore University,Amira Sailors,0,0,1,Y,
230,2018,,24/11/2018 14:00,25,City Park,Sliders,JKUAT,1,1,1,Y,
231,2018,,25/11/2018 13:00,25,City Park,USIU-A,Vikings,3,0,1,Y,
232,2018,,02/12/2018 13:00,26,City Park,Amira Sailors,USIU-A,1,0,1,Y,
233,2018,,08/12/2018 14:00,27,City Park,Amira Sailors,Sliders,1,0,1,Y,
234,2018,,09/12/2018 11:00,27,City Park,Strathmore University,Blazers H.C,0,1,1,Y,
235,2019,,03/03/2019 13:00,1,City Park,JKUAT,Strathmore University,0,9,1,Y,
236,2019,,10/03/2019 09:00,2,City Park,Amira Sailors,Blazers H.C,0,0,1,Y,
237,2019,,16/03/2019 16:00,3,City Park,Kenyatta University,Sliders,0,0,1,Y,
238,2019,,17/03/2019 13:00,3,City Park,Blazers H.C,JKUAT,5,0,1,Y,**W/O - Telkom awarded 5 goals and 3 points
239,2019,,31/03/2019 15:00,4,City Park,Sliders,USIU-A,0,2,1,Y,
240,2019,,06/04/2019 15:00,5,Kisumu,Lakers,Sliders,1,1,1,Y,
241,2019,,07/04/2019 15:00,5,City Park,Amira Sailors,Kenyatta University,2,1,1,Y,
242,2019,,13/04/2019 16:00,6,City Park,Strathmore University,Lakers,1,1,1,Y,
243,2019,,14/04/2019 11:00,6,City Park,Kenyatta University,Lakers,0,1,1,Y,
244,2019,,21/04/2019 15:00,7,City Park,Strathmore University,Blazers H.C,0,2,1,Y,
245,2019,,05/05/2019 15:00,8,City Park,JKUAT,Kenyatta University,0,0,1,Y,
246,2019,,11/05/2019 16:00,9,City Park,USIU-A,Amira Sailors,1,0,1,Y,
247,2019,,12/05/2019 11:00,9,City Park,JKUAT,Amira Sailors,0,0,1,Y,
248,2019,,18/05/2019 14:00,10,Kisumu,Lakers,USIU-A,0,0,1,Y,
258,2019,,19/05/2019 11:00,10,Kisumu,Lakers,Blazers H.C,2,2,1,Y,
291,2019,,08/06/2019 16:00,11,City Park,USIU-A,Blazers H.C,1,2,1,Y,
292,2019,,15/06/2019 14:00,12,City Park,Sliders,JKUAT,1,0,1,Y,
293,2019,,15/06/2019 15:00,12,Kisumu,Lakers,Amira Sailors,0,0,1,Y,
294,2019,,16/06/2019 15:00,12,City Park,Strathmore University,USIU-A,0,0,1,Y,
295,2019,,06/07/2019 15:00,13,Kisumu,Lakers,JKUAT,2,0,1,Y,
296,2019,,06/07/2019 16:00,13,City Park,Amira Sailors,Sliders,1,1,1,Y,
297,2019,,07/07/2019 15:00,13,City Park,Kenyatta University,USIU-A,0,3,1,Y,
298,2019,,20/07/2019 16:00,14,City Park,JKUAT,USIU-A,0,4,1,Y,
299,2019,,21/07/2019 15:00,14,City Park,Strathmore University,Sliders,3,0,1,Y,
304,2019,,28/07/2019 09:00,15,City Park,Kenyatta University,Strathmore University,0,2,1,Y,
300,2019,,28/07/2019 11:00,15,City Park,Blazers H.C,Lakers,NULL,NULL,0,N,
301,2019,,03/08/2019 12:00,16,City Park,Amira Sailors,Strathmore University,0,0,1,Y,
302,2019,,03/08/2019 14:00,16,City Park,Blazers H.C,Kenyatta University,7,0,1,Y,
303,2019,,04/08/2019 11:00,16,City Park,Blazers H.C,Sliders,6,1,1,Y,
333,2019,,24/08/2019 14:00,17,City Park,Blazers H.C,Strathmore University,3,0,1,Y,
334,2019,,25/08/2019 13:00,17,City Park,Sliders,Amira Sailors,0,1,1,Y,
335,2019,,31/08/2019 14:00,18,City Park,Blazers H.C,Amira Sailors,2,0,1,Y,
336,2019,,01/09/2019 11:00,18,City Park,Sliders,Kenyatta University,1,0,1,Y,
337,2019,,01/09/2019 13:00,18,City Park,JKUAT,Blazers H.C,0,4,1,Y,
338,2019,,07/09/2019 16:00,19,City Park,Strathmore University,Kenyatta University,1,0,1,Y,
339,2019,,15/09/2019 15:00,20,City Park,USIU-A,Sliders,1,0,1,Y,
340,2019,,21/09/2019 13:00,21,Kisumu,Lakers,Kenyatta University,2,2,1,Y,
341,2019,,21/09/2019 16:00,21,City Park,Strathmore University,JKUAT,4,0,1,Y,
342,2019,,22/09/2019 15:00,21,City Park,Amira Sailors,USIU-A,2,1,1,Y,
343,2019,,28/09/2019 15:00,22,Kisumu,Lakers,Strathmore University,3,2,1,Y,
344,2019,,05/10/2019 12:00,23,City Park,Kenyatta University,Amira Sailors,0,2,1,Y,
345,2019,,06/10/2019 15:00,23,City Park,Kenyatta University,JKUAT,1,0,1,Y,
346,2019,,12/10/2019 16:00,24,City Park,USIU-A,Lakers,2,1,1,Y,
347,2019,,13/10/2019 09:00,24,City Park,Sliders,Lakers,2,1,1,Y,
348,2019,,26/10/2019 14:00,25,City Park,USIU-A,JKUAT,2,0,1,Y,
349,2019,,27/10/2019 15:00,25,City Park,USIU-A,Strathmore University,2,0,1,Y,
351,2019,,09/11/2019 12:00,26,City Park,JKUAT,Lakers,0,2,1,Y,
350,2019,,10/11/2019 09:00,26,City Park,Blazers H.C,Lakers,2,1,1,Y,
353,2019,,16/11/2019 14:00,27,City Park,Sliders,Strathmore University,1,2,1,Y,
352,2019,,17/11/2019 07:00,27,City Park,Kenyatta University,Blazers H.C,1,2,1,Y,
354,2019,,17/11/2019 11:00,27,City Park,JKUAT,Sliders,1,0,1,Y,
355,2019,,23/11/2019 14:00,28,City Park,Blazers H.C,USIU-A,4,0,1,Y,
356,2019,,24/11/2019 11:00,28,City Park,Amira Sailors,JKUAT,3,0,1,Y,
357,2019,,24/11/2019 13:00,28,City Park,Sliders,Blazers H.C,0,2,1,Y,
358,2019,,24/11/2019 15:00,28,City Park,USIU-A,Kenyatta University,1,0,1,Y,
359,2019,,30/11/2019 12:00,29,City Park,Strathmore University,Amira Sailors,2,0,1,Y,
360,2019,,01/12/2019 11:00,29,City Park,Amira Sailors,Lakers,0,1,1,Y,
361,2020,,01/03/2020 17:00,1,City Park,Amira Sailors,Oranje Leonas,3,0,1,Y,
362,2020,,08/03/2020 15:00,2,City Park,Strathmore University,DFG Wolverines,0,0,1,Y,
363,2020,,08/03/2020 17:00,2,City Park,Blazers H.C,USIU-A,1,0,1,Y,
408,2022,,05/03/2022 16:00,1,City Park,Sliders,Blazers H.C,0,3,1,Y,
409,2022,,06/03/2022 15:00,1,City Park,Amira Sailors,DFG Wolverines,0,0,1,Y,
410,2022,,12/03/2022 16:00,2,City Park,USIU-A,Sliders,2,0,1,Y,
411,2022,,13/03/2022 15:00,2,City Park,Sliders,Strathmore University,0,3,1,Y,
412,2022,,19/03/2022 16:00,3,City Park,Strathmore University,DFG Wolverines,1,0,1,Y,
413,2022,,20/03/2022 15:00,3,City Park,USIU-A,Blazers H.C,1,1,1,Y,
414,2022,,26/03/2022 16:00,4,City Park,Blazers H.C,Strathmore University,0,2,1,Y,
415,2022,,27/03/2022 15:00,4,City Park,Amira Sailors,Sliders,0,0,1,Y,
417,2022,,10/04/2022 10:00,5,Kisumu,Lakers,USIU-A,0,1,1,Y,
418,2022,,10/04/2022 15:00,5,City Park,Blazers H.C,DFG Wolverines,1,0,1,Y,
419,2022,,24/04/2022 15:00,6,City Park,Strathmore University,Amira Sailors,2,0,1,Y,
430,2022,,07/05/2022 14:00,7,City Park,DFG Wolverines,Lakers,0,1,1,Y,
431,2022,,08/05/2022 09:00,7,City Park,Amira Sailors,Lakers,0,0,1,Y,
432,2022,,14/05/2022 18:00,8,City Park,Sliders,DFG Wolverines,0,0,1,Y,
440,2022,,10/09/2022 14:00,9,City Park,DFG Wolverines,Sliders,2,0,1,Y,
441,2022,,17/09/2022 16:00,10,City Park,Sliders,Amira Sailors,2,0,1,Y,
442,2022,,24/09/2022 16:00,11,City Park,DFG Wolverines,Blazers H.C,0,3,1,Y,
443,2022,,25/09/2022 09:00,11,Kisumu,Lakers,Strathmore University,0,1,1,Y,
444,2022,,25/09/2022 15:00,11,City Park,Blazers H.C,Amira Sailors,1,0,1,Y,
445,2022,,01/10/2022 12:00,12,City Park,Amira Sailors,Strathmore University,0,3,1,Y,
446,2022,,01/10/2022 14:00,12,City Park,Sliders,Lakers,0,4,1,Y,
447,2022,,02/10/2022 09:00,12,City Park,Blazers H.C,Lakers,1,1,1,Y,
448,2022,,02/10/2022 13:00,12,City Park,DFG Wolverines,Amira Sailors,1,1,1,Y,
449,2022,,15/10/2022 16:00,13,City Park,Amira Sailors,USIU-A,1,1,1,Y,
450,2022,,16/10/2022 15:00,13,City Park,USIU-A,DFG Wolverines,2,2,1,Y,
451,2022,,20/10/2022 16:00,14,City Park,USIU-A,Strathmore University,1,2,1,Y,
452,2022,,22/10/2022 13:00,14,Kisumu,Lakers,Amira Sailors,2,0,1,Y,
453,2022,,23/10/2022 09:00,14,Kisumu,Lakers,Sliders,1,0,1,Y,
454,2022,,23/10/2022 15:00,14,City Park,Strathmore University,Blazers H.C,1,1,1,Y,
455,2022,,29/10/2022 16:00,15,City Park,Strathmore University,Lakers,1,0,1,Y,
456,2022,,30/10/2022 09:00,15,City Park,USIU-A,Lakers,1,3,1,Y,
457,2022,,12/11/2022 16:00,16,City Park,Blazers H.C,USIU-A,0,0,1,Y,
458,2022,,19/11/2022 14:00,17,Kisumu,Lakers,Blazers H.C,0,0,1,Y,
459,2022,,19/11/2022 16:00,17,City Park,Strathmore University,USIU-A,4,2,1,Y,
460,2022,,20/11/2022 10:00,17,Kisumu,Lakers,DFG Wolverines,3,0,1,Y,
465,2022,,26/11/2022 16:00,18,City Park,Sliders,USIU-A,0,2,1,Y,
466,2022,,27/11/2022 15:00,18,City Park,USIU-A,Amira Sailors,0,0,1,Y,
467,2022,,04/12/2022 15:00,19,City Park,Blazers H.C,Sliders,2,0,1,Y,
468,2022,,21/01/2023 16:00,20,City Park,DFG Wolverines,USIU-A,1,0,1,Y,
469,2022,,22/01/2023 13:00,20,City Park,Strathmore University,Sliders,2,0,1,Y,
470,2022,,22/01/2023 15:00,20,City Park,Amira Sailors,Blazers H.C,0,2,1,Y,
471,2022,,29/01/2023 11:00,21,City Park,DFG Wolverines,Strathmore University,0,2,1,Y,
472,2023,,07/04/2023 14:00,1,City Park,Strathmore University,UON,2,0,1,Y,
473,2023,,08/04/2023 16:00,1,City Park,UON,USIU-A,0,1,1,Y,
474,2023,,09/04/2023 14:00,1,City Park,Kenyatta University,DFG Wolverines,0,1,1,Y,
475,2023,,09/04/2023 16:00,1,City Park,Strathmore University,Blazers H.C,1,2,1,Y,
476,2023,,10/04/2023 14:00,2,City Park,DFG Wolverines,Amira Sailors,0,1,1,Y,
477,2023,,16/04/2023 14:00,2,City Park,Amira Sailors,Strathmore University,1,1,1,Y,
478,2023,,23/04/2023 12:00,3,City Park,UON,Kenyatta University,0,0,1,Y,
479,2023,,23/04/2023 14:00,3,City Park,Strathmore University,DFG Wolverines,5,0,1,Y,
480,2023,,29/04/2023 16:00,4,City Park,Strathmore University,Lakers,1,1,1,Y,
481,2023,,30/04/2023 12:00,4,City Park,Kenyatta University,Lakers,1,6,1,Y,
483,2023,,01/05/2023 13:00,5,City Park,Kenyatta University,Amira Sailors,1,1,1,Y,
484,2023,,06/05/2023 12:00,5,City Park,Kenyatta University,Strathmore University,1,2,1,Y,
485,2023,,06/05/2023 14:00,5,City Park,Blazers H.C,DFG Wolverines,4,0,1,Y,
482,2023,,07/05/2023 11:00,5,City Park,Amira Sailors,UON,3,0,1,Y,
486,2023,,07/05/2023 13:00,5,City Park,Blazers H.C,Kenyatta University,7,1,1,Y,
487,2023,,13/05/2023 14:00,6,Kisumu,Lakers,Blazers H.C,1,0,1,Y,
488,2023,,14/05/2023 09:00,6,Kisumu,Lakers,UON,NULL,NULL,0,N,
489,2023,,14/05/2023 16:00,6,City Park,USIU-A,Amira Sailors,1,1,1,Y,
490,2023,,27/05/2023 16:00,7,City Park,USIU-A,Lakers,2,2,1,Y,
491,2023,,28/05/2023 16:00,7,City Park,USIU-A,Blazers H.C,1,3,1,Y,
492,2023,,01/06/2023 11:00,8,City Park,DFG Wolverines,USIU-A,0,4,1,Y,
493,2023,,01/06/2023 15:00,8,City Park,UON,Blazers H.C,0,2,1,Y,
494,2023,,10/06/2023 13:00,9,Kisumu,Lakers,Amira Sailors,2,0,1,Y,
495,2023,,11/06/2023 10:00,9,Kisumu,Lakers,DFG Wolverines,0,1,1,Y,
496,2023,,25/06/2023 14:00,10,City Park,USIU-A,Strathmore University,2,1,1,Y,
497,2023,,09/07/2023 16:00,11,City Park,Blazers H.C,Amira Sailors,4,1,1,Y,
498,2023,,05/08/2023 16:00,12,City Park,Amira Sailors,DFG Wolverines,5,0,1,Y,
499,2023,,13/08/2023 12:00,13,City Park,Blazers H.C,Strathmore University,1,0,1,Y,
500,2023,,19/08/2023 14:00,14,City Park,Amira Sailors,Lakers,0,1,1,Y,
501,2023,,19/08/2023 16:00,14,City Park,DFG Wolverines,Blazers H.C,0,3,1,Y,
502,2023,,20/08/2023 10:00,14,City Park,DFG Wolverines,Lakers,0,1,1,Y,
503,2023,,20/08/2023 14:00,14,City Park,Strathmore University,Amira Sailors,1,1,1,Y,
504,2023,,09/09/2023 14:00,15,City Park,Kenyatta University,USIU-A,0,3,1,Y,
505,2023,,10/09/2023 13:00,15,City Park,Amira Sailors,Kenyatta University,0,2,1,Y,
506,2023,,17/09/2023 16:00,16,City Park,Blazers H.C,USIU-A,3,2,1,Y,
507,2023,,23/09/2023 12:00,17,City Park,DFG Wolverines,Kenyatta University,1,1,1,Y,
508,2023,,23/09/2023 14:00,17,City Park,Amira Sailors,USIU-A,2,0,1,Y,
509,2023,,24/09/2023 11:00,17,City Park,DFG Wolverines,Strathmore University,0,3,1,Y,
